ID;id_almacen;descarga;id_cliente
54;82;245916;5
50;76;245916;5
60;97;32787;2
44;40;135757;9
57;22;21164;7
60;84;32787;2
55;24;245916;5
55;24;245916;5
60;94;32787;2
45;84;135757;9
60;92;32787;2
45;54;135757;9
47;86;135757;9
55;21;245916;5
51;21;135757;3
59;26;32787;2
47;19;135757;9
49;19;135757;9
50;26;135757;9
50;26;135757;9
61;77;32787;2
61;77;32787;2
49;85;135757;9
49;85;135757;9
49;25;135757;9
44;25;135757;9
47;83;135757;9
49;83;135757;9
50;21;135757;9
48;21;135757;9
52;60;135757;3
53;11;135757;3
52;16;135757;3
54;18;245916;5
54;18;245916;5
51;18;135757;9
51;18;135757;9
58;18;21164;7
60;18;32787;2
61;18;32787;2
56;58;135757;4
56;5;135757;4
56;47;135757;4
56;102;135757;4
53;51;135757;3
53;50;135757;3
53;49;135757;3
53;64;135757;3
53;14;135757;3
52;67;135757;3
52;68;135757;3
52;71;135757;3
47;40;135757;3
52;40;135757;3
52;25;135757;3
52;73;135757;3
51;38;135757;3
55;81;245916;5
53;22;245916;5
55;27;245916;5
48;16;135757;9
48;27;135757;9
44;28;135757;9
51;28;135757;9
50;29;135757;9
47;29;135757;9
47;75;135757;9
59;16;32787;2
61;16;32787;2
61;16;32787;2
61;16;32787;2
59;32;32787;2
60;93;32787;2
60;94;32787;2
57;16;21164;7
58;16;21164;7
57;88;21164;7
57;97;21164;7
57;28;21164;7
58;28;21164;7
57;100;21164;7
58;98;21164;7
58;99;21164;7
55;76;245916;5
70;47;135757;4
69;51;135757;3
69;50;135757;3
69;49;135757;3
69;11;135757;3
70;60;135757;3
70;62;135757;3
68;64;135757;3
68;14;135757;3
70;67;135757;3
67;71;135757;3
67;40;135757;3
67;16;135757;3
68;21;135757;3
67;73;135757;3
70;23;245916;5
70;81;245916;5
71;81;245916;5
71;18;245916;5
73;18;245916;5
71;24;245916;5
71;24;245916;5
73;27;245916;5
69;79;245916;5
66;18;135757;9
64;18;135757;9
64;16;135757;9
64;16;135757;9
65;19;135757;9
65;19;135757;9
67;26;135757;9
67;26;135757;9
66;27;135757;9
67;27;135757;9
66;28;135757;9
65;29;135757;9
66;29;135757;9
66;86;135757;9
63;87;135757;9
63;54;135757;9
63;85;135757;9
63;85;135757;9
63;36;135757;9
66;40;135757;9
66;40;135757;9
66;75;135757;9
74;16;32787;2
74;16;32787;2
74;16;32787;2
74;16;32787;2
74;16;32787;2
74;26;32787;2
74;32;32787;2
75;77;32787;2
74;77;32787;2
74;18;32787;2
75;18;32787;2
75;95;32787;2
75;36;32787;2
75;84;32787;2
72;16;21164;7
72;16;21164;7
72;29;21164;7
72;28;21164;7
72;22;21164;7
70;68;135757;3
69;50;135757;3
69;49;135757;3
70;64;135757;3
68;67;135757;3
68;71;135757;3
67;40;135757;3
68;16;135757;3
70;60;135757;3
65;55;135757;9
65;55;135757;9
72;103;21164;7
72;100;21164;7
90;42;135757;4
90;47;135757;4
84;51;135757;3
84;50;135757;3
84;50;135757;3
84;49;135757;3
84;11;135757;3
85;60;135757;3
85;63;135757;3
85;64;135757;3
84;14;135757;3
84;14;135757;3
85;67;135757;3
85;67;135757;3
85;68;135757;3
87;71;135757;3
87;40;135757;3
87;40;135757;3
79;25;135757;3
83;16;135757;3
86;16;135757;3
87;21;135757;3
87;73;135757;3
82;38;135757;3
76;82;245916;5
76;76;245916;5
77;81;245916;5
76;18;245916;5
76;18;245916;5
77;24;245916;5
77;24;245916;5
76;27;245916;5
80;25;135757;9
80;25;135757;9
79;18;135757;9
79;18;135757;9
78;16;135757;9
83;16;135757;9
82;19;135757;9
82;19;135757;9
79;26;135757;9
79;26;135757;9
79;27;135757;9
78;21;135757;9
83;21;135757;9
83;28;135757;9
81;28;135757;9
77;29;135757;9
80;83;135757;9
83;84;135757;9
77;85;135757;9
79;86;135757;9
82;54;135757;9
83;87;135757;9
79;40;135757;9
79;40;135757;9
81;35;135757;9
81;75;135757;9
92;16;32787;2
91;16;32787;2
92;16;32787;2
92;16;32787;2
92;28;32787;2
91;26;32787;2
91;32;32787;2
92;77;32787;2
91;18;32787;2
92;95;32787;2
92;87;32787;2
88;16;21164;7
90;16;21164;7
89;29;21164;7
89;26;21164;7
90;28;21164;7
90;28;21164;7
89;98;21164;7
89;99;21164;7
89;66;21164;7
88;18;21164;7
82;22;135757;9
82;22;135757;9
82;104;135757;3
83;52;135757;9
77;31;135757;9
90;50;135757;4
107;47;135757;4
102;51;135757;3
102;51;135757;3
103;50;135757;3
103;50;135757;3
103;49;135757;3
103;49;135757;3
103;11;135757;3
102;60;135757;3
102;62;135757;3
102;64;135757;3
102;64;135757;3
102;14;135757;3
102;14;135757;3
102;105;135757;3
102;67;135757;3
102;67;135757;3
102;68;135757;3
104;71;135757;3
105;40;135757;3
104;40;135757;3
103;104;135757;3
104;16;135757;3
105;16;135757;3
104;21;135757;3
105;21;135757;3
105;38;135757;3
104;23;245916;5
107;76;245916;5
107;81;245916;5
107;18;245916;5
106;18;245916;5
104;22;245916;5
106;24;245916;5
107;24;245916;5
104;27;245916;5
101;25;135757;9
100;18;135757;9
100;18;135757;9
97;16;135757;9
101;16;135757;9
101;19;135757;9
101;26;135757;9
99;26;135757;9
96;27;135757;9
104;28;135757;9
99;28;135757;9
100;29;135757;9
96;29;135757;9
98;83;135757;9
100;84;135757;9
98;86;135757;9
98;54;135757;9
96;85;135757;9
104;36;135757;9
114;36;135757;9
98;40;135757;9
96;35;135757;9
96;35;135757;9
109;16;32787;2
109;16;32787;2
109;16;32787;2
109;16;32787;2
109;26;32787;2
109;32;32787;2
110;77;32787;2
110;77;32787;2
110;50;32787;2
110;18;32787;2
110;18;32787;2
108;16;21164;7
108;16;21164;7
107;96;21164;7
108;90;21164;7
107;28;21164;7
108;100;21164;7
108;22;21164;7
108;98;21164;7
108;99;21164;7
108;18;21164;7
111;16;135757;4
114;29;135757;9
114;29;135757;9
114;76;245916;5
114;24;245916;5
136;28;135757;9
136;28;135757;9
136;27;245916;5
137;35;135757;9
137;35;135757;9
137;85;135757;9
140;28;135757;9
140;28;135757;9
140;27;245916;5
141;35;135757;9
141;35;135757;9
141;78;245916;5
141;85;135757;9
144;28;135757;9
147;50;32787;2
146;54;135757;9
148;18;135757;9
148;18;245916;5
149;28;135757;9
149;28;135757;9
150;82;245916;5
150;23;245916;5
150;23;245916;5
150;76;245916;5
150;39;245916;5
150;81;245916;5
150;24;245916;5
150;24;245916;5
150;22;245916;5
151;54;135757;9
151;54;135757;9
151;19;135757;9
151;19;135757;9
152;97;21164;7
152;100;21164;7
152;101;21164;7
152;99;21164;7
153;28;135757;9
153;28;135757;9
154;54;135757;9
155;50;32787;2
156;18;32787;2
156;16;32787;2
156;16;32787;2
156;36;32787;2
156;28;32787;2
156;16;32787;2
157;77;32787;2
157;32;32787;2
157;16;32787;2
157;16;32787;2
157;16;32787;2
157;16;32787;2
158;35;135757;9
158;35;135757;9
158;59;135757;4
158;19;135757;9
158;19;135757;9
159;27;135757;9
159;27;135757;9
159;27;245916;5
159;24;245916;5
159;39;245916;5
160;26;135757;9
160;26;135757;9
160;87;135757;9
160;87;135757;9
160;18;135757;9
160;18;135757;9
160;36;135757;9
161;51;135757;3
161;50;135757;3
161;50;135757;4
161;49;135757;3
161;11;135757;3
161;14;135757;3
161;68;135757;3
162;60;135757;3
162;64;135757;3
162;62;135757;3
162;67;135757;3
162;39;245916;5
163;16;135757;3
163;40;135757;3
163;21;135757;3
163;71;135757;3
163;21;135757;9
163;28;135757;9
164;29;135757;9
164;29;135757;9
164;85;135757;9
164;85;135757;9
165;75;135757;9
165;83;135757;9
165;83;135757;9
165;25;135757;9
165;19;135757;9
166;51;135757;3
166;50;135757;3
166;50;135757;4
168;29;135757;3
166;49;135757;3
166;11;135757;3
167;60;135757;3
167;63;135757;3
167;47;135757;4
167;47;135757;4
167;64;135757;3
167;67;135757;3
167;68;135757;3
168;14;135757;3
168;16;135757;3
169;73;135757;3
169;104;135757;3
169;21;135757;3
169;71;135757;3
169;42;135757;4
169;29;135757;3
170;25;135757;9
170;43;135757;4
170;25;135757;9
170;25;135757;9
170;16;135757;9
170;16;135757;9
171;24;245916;5
171;24;245916;5
173;16;135757;9
174;28;135757;9
174;28;135757;9
175;18;245916;5
175;18;135757;9
175;25;135757;9
176;28;135757;9
176;28;135757;9
176;29;135757;9
176;29;135757;9
176;84;135757;9
176;26;135757;9
176;22;135757;9
176;22;135757;9
177;75;135757;9
177;19;135757;9
177;18;135757;9
178;39;245916;5
178;27;245916;5
178;81;245916;5
178;76;245916;5
178;23;245916;5
178;23;245916;5
179;54;135757;9
179;85;135757;9
179;85;135757;9
180;25;135757;9
180;25;135757;9
180;40;135757;9
180;40;135757;9
180;40;135757;3
181;59;135757;4
181;19;135757;9
181;21;135757;9
181;21;135757;9
182;18;21164;7
183;18;21164;7
202;18;135757;9
186;27;135757;9
187;27;135757;9
187;27;245916;5
187;19;135757;9
187;19;135757;9
188;16;135757;9
188;16;135757;9
188;35;135757;9
188;35;135757;9
190;83;135757;9
190;83;135757;9
190;25;135757;9
190;38;135757;3
191;54;135757;9
191;23;245916;5
191;23;245916;5
191;81;245916;5
191;85;135757;9
192;18;135757;9
192;18;135757;9
192;18;245916;5
193;39;245916;5
193;24;245916;5
193;24;245916;5
194;29;135757;9
194;29;135757;9
194;29;135757;3
194;86;135757;9
194;16;135757;9
194;19;135757;9
195;75;135757;9
195;36;135757;9
195;71;135757;3
195;42;135757;4
195;104;135757;3
195;26;135757;9
195;26;135757;9
196;51;135757;3
196;50;135757;3
196;50;135757;4
196;14;135757;3
196;11;135757;3
196;69;135757;3
197;28;135757;9
197;28;135757;9
197;21;135757;3
198;60;135757;3
198;62;135757;3
198;47;135757;4
198;67;135757;3
198;16;135757;3
198;40;135757;3
198;40;135757;9
199;73;135757;3
200;59;135757;4
201;49;135757;3
201;64;135757;3
203;18;21164;7
204;18;21164;7
273;16;21164;7
205;16;21164;7
273;66;21164;7
273;98;21164;7
205;88;21164;7
206;50;32787;2
207;16;32787;2
207;16;32787;2
207;32;32787;2
207;84;32787;2
207;95;32787;2
208;18;32787;2
209;16;32787;2
209;16;32787;2
209;16;32787;2
209;77;32787;2
209;36;32787;2
210;18;32787;2
210;26;32787;2
185;85;135757;9
226;76;245916;5
226;23;245916;5
226;26;135757;9
211;84;135757;9
235;95;32787;2
230;103;21164;7
225;25;135757;9
225;25;135757;9
205;66;21164;7
205;56;21164;7
230;22;21164;7
222;47;135757;4
227;24;245916;5
227;24;245916;5
227;27;245916;5
216;28;135757;9
216;28;135757;9
230;28;21164;7
234;28;32787;2
222;40;135757;9
222;40;135757;9
226;82;245916;5
231;66;21164;7
227;36;135757;9
222;71;135757;3
219;73;135757;3
212;19;135757;9
212;19;135757;9
214;21;135757;9
214;21;135757;9
212;54;135757;9
212;54;135757;9
215;85;135757;9
215;85;135757;9
222;60;135757;3
221;11;135757;3
222;63;135757;3
214;21;135757;3
229;99;21164;7
222;67;135757;3
222;64;135757;3
221;51;135757;3
221;50;135757;3
233;18;32787;2
232;18;32787;2
218;18;245916;5
227;18;135757;9
218;18;135757;9
229;18;21164;7
213;18;21164;7
226;81;245916;5
221;68;135757;3
224;16;135757;3
223;104;135757;3
221;49;135757;3
221;14;135757;3
229;16;21164;7
229;16;21164;7
231;19;21164;7
231;56;21164;7
224;28;135757;9
224;28;135757;9
234;77;32787;2
211;16;135757;9
211;16;135757;9
217;29;135757;9
218;18;135757;9
220;38;135757;3
222;40;135757;3
223;35;135757;9
225;85;135757;9
225;75;135757;9
226;39;245916;5
227;106;245916;5
216;28;135757;3
234;16;32787;2
234;16;32787;2
234;16;32787;2
235;16;32787;2
235;16;32787;2
235;32;32787;2
274;87;32787;2
241;87;135757;9
274;84;32787;2
266;83;135757;9
243;40;135757;9
240;39;245916;5
240;106;245916;5
240;80;245916;5
240;23;245916;5
241;81;245916;5
240;24;245916;5
240;24;245916;5
243;40;135757;9
268;40;135757;3
264;50;135757;3
272;28;21164;7
272;28;21164;7
242;19;135757;9
242;19;135757;9
266;26;135757;9
266;86;135757;9
266;43;135757;9
275;26;32787;2
242;36;135757;9
264;50;135757;4
266;43;135757;4
265;47;135757;4
242;59;135757;4
267;60;135757;3
265;11;135757;3
265;63;135757;3
267;28;135757;3
244;29;135757;9
269;35;135757;9
269;35;135757;9
271;18;21164;7
243;85;135757;9
268;40;135757;3
270;27;135757;9
244;27;135757;9
244;27;245916;5
272;22;21164;7
264;51;135757;3
264;51;135757;3
238;18;135757;9
272;18;21164;7
274;18;32787;2
268;21;135757;3
268;21;135757;3
269;67;135757;3
265;64;135757;3
265;64;135757;3
268;25;135757;3
265;68;135757;3
267;16;135757;3
267;16;135757;3
267;71;135757;3
268;104;135757;3
269;38;135757;3
269;73;135757;3
274;16;32787;2
275;32;32787;2
275;77;32787;2
239;50;32787;2
241;22;135757;9
269;16;135757;9
237;16;135757;9
244;16;135757;9
237;16;135757;9
269;14;135757;3
266;54;135757;9
274;16;32787;2
275;95;32787;2
275;95;32787;2
264;49;135757;3
264;49;135757;3
272;16;21164;7
272;16;21164;7
273;26;21164;7
273;56;21164;7
236;28;135757;9
236;28;135757;9
241;28;135757;9
241;28;135757;9
238;18;135757;9
238;18;135757;9
262;103;32787;2
250;23;245916;5
250;23;245916;5
250;82;245916;5
255;75;135757;9
255;75;135757;9
252;84;135757;9
250;76;245916;5
250;24;245916;5
250;24;245916;5
253;50;135757;3
250;106;245916;5
252;43;135757;9
255;40;135757;9
256;86;135757;9
263;32;32787;2
260;99;21164;7
251;27;245916;5
255;36;135757;9
260;97;21164;7
262;28;32787;2
245;28;135757;9
245;28;135757;9
257;28;135757;3
256;25;135757;9
256;25;135757;9
254;42;135757;4
253;50;135757;4
248;59;135757;4
247;35;135757;4
252;21;135757;9
252;21;135757;9
252;21;135757;3
246;18;245916;5
246;18;135757;9
246;18;135757;9
259;18;21164;7
258;18;21164;7
261;18;32787;2
251;81;245916;5
255;40;135757;3
259;22;21164;7
260;101;21164;7
260;28;21164;7
260;100;21164;7
254;67;135757;3
254;60;135757;3
253;11;135757;3
254;64;135757;3
252;29;135757;3
253;51;135757;3
253;68;135757;3
254;16;135757;3
254;71;135757;3
254;104;135757;3
249;73;135757;3
253;49;135757;3
253;14;135757;3
247;85;135757;9
247;85;135757;9
247;35;135757;9
251;39;245916;5
251;22;245916;5
251;22;135757;9
251;54;135757;9
252;29;135757;9
252;29;135757;9
256;26;135757;9
256;26;135757;9
257;16;135757;9
257;16;135757;9
257;28;135757;9
257;19;135757;9
259;16;21164;7
259;16;21164;7
259;56;21164;7
261;16;32787;2
261;16;32787;2
261;16;32787;2
261;77;32787;2
262;16;32787;2
262;16;32787;2
262;28;32787;2
262;26;32787;2
286;87;135757;9
291;103;32787;2
286;36;135757;9
286;75;135757;9
314;66;21164;7
285;86;135757;9
307;26;135757;9
307;26;135757;9
291;77;32787;2
292;77;32787;2
277;50;32787;2
284;40;135757;9
284;40;135757;3
300;39;245916;5
279;39;245916;5
279;24;245916;5
291;32;32787;2
284;19;135757;9
284;19;135757;9
279;106;245916;5
300;106;245916;5
307;84;135757;9
282;28;135757;9
284;54;135757;9
279;27;135757;9
279;27;245916;5
280;47;135757;4
287;59;135757;4
281;35;135757;4
278;50;135757;3
280;21;135757;3
280;21;135757;3
284;40;135757;3
281;85;135757;9
285;29;135757;9
280;29;135757;9
284;18;135757;9
284;18;135757;9
292;18;32787;2
280;60;135757;3
283;28;135757;3
278;11;135757;3
280;63;135757;3
297;43;135757;9
279;81;245916;5
280;67;135757;3
280;64;135757;3
280;64;135757;3
278;51;135757;3
278;51;135757;3
280;68;135757;3
286;16;135757;3
286;16;135757;3
280;71;135757;3
286;104;135757;3
293;38;135757;3
289;73;135757;3
278;49;135757;3
278;49;135757;3
278;14;135757;3
278;14;135757;3
285;52;135757;9
283;83;135757;9
283;83;135757;9
312;22;21164;7
283;28;135757;9
282;28;135757;9
306;40;135757;3
298;60;135757;3
299;11;135757;3
307;28;135757;3
298;63;135757;3
301;81;245916;5
301;81;245916;5
281;85;135757;9
306;64;135757;3
281;35;135757;9
281;35;135757;9
300;71;135757;3
298;68;135757;3
315;103;32787;2
296;19;135757;9
296;19;135757;9
313;19;21164;7
305;18;245916;5
305;18;135757;9
314;18;21164;7
295;21;135757;3
301;27;245916;5
307;25;135757;9
307;25;135757;9
312;101;21164;7
313;98;21164;7
300;24;245916;5
300;24;245916;5
283;16;135757;9
283;16;135757;9
288;19;135757;9
285;29;135757;9
280;29;135757;9
291;16;32787;2
291;16;32787;2
292;16;32787;2
292;16;32787;2
294;32;32787;2
307;28;135757;9
303;28;135757;9
313;28;21164;7
299;50;135757;4
298;47;135757;4
298;47;135757;4
300;42;135757;4
311;70;135757;4
310;59;135757;4
296;35;135757;4
301;37;135757;4
301;23;245916;5
301;22;245916;5
303;28;135757;9
304;16;135757;9
304;16;135757;9
296;16;135757;9
296;29;135757;9
296;29;135757;9
301;22;135757;9
306;75;135757;9
306;54;135757;9
315;16;32787;2
313;16;21164;7
313;16;21164;7
312;100;21164;7
299;51;135757;3
299;50;135757;3
298;49;135757;3
299;14;135757;3
298;67;135757;3
300;104;135757;3
296;29;135757;3
295;16;135757;3
308;73;135757;3
301;22;135757;9
297;85;135757;9
300;19;135757;9
312;97;21164;7
316;56;21164;7
316;56;21164;7
312;88;21164;7
309;38;135757;3
313;18;21164;7
315;16;32787;2
315;16;32787;2
315;16;32787;2
315;16;32787;2
339;84;32787;2
335;97;21164;7
339;36;32787;2
338;103;32787;2
335;103;21164;7
329;75;135757;9
325;43;135757;9
326;83;135757;9
326;83;135757;9
329;26;135757;9
329;26;135757;9
338;77;32787;2
338;77;32787;2
340;26;32787;2
325;43;135757;4
330;39;245916;5
319;54;135757;9
325;106;245916;5
329;23;245916;5
324;19;135757;9
324;19;135757;9
330;19;135757;9
339;32;32787;2
334;99;21164;7
326;86;135757;9
330;35;135757;9
330;35;135757;9
320;28;135757;9
320;28;135757;9
326;28;135757;9
318;27;135757;9
329;24;245916;5
326;27;245916;5
336;28;21164;7
336;28;21164;7
335;109;21164;7
331;21;135757;9
331;21;135757;9
331;21;135757;3
328;47;135757;4
328;47;135757;4
332;42;135757;4
327;50;135757;4
342;59;135757;4
330;35;135757;4
343;37;135757;4
326;40;135757;9
326;40;135757;3
333;60;135757;3
327;11;135757;3
328;63;135757;3
322;18;245916;5
322;18;135757;9
322;18;135757;9
334;18;21164;7
338;18;32787;2
321;29;135757;9
327;50;135757;3
323;85;135757;9
325;81;245916;5
328;71;135757;3
332;67;135757;3
343;73;135757;3
326;28;135757;3
328;64;135757;3
325;29;135757;3
327;51;135757;3
332;68;135757;3
332;16;135757;3
330;104;135757;3
328;49;135757;3
327;14;135757;3
326;28;135757;9
329;24;245916;5
338;28;32787;2
332;38;135757;3
334;16;21164;7
334;16;21164;7
337;50;32787;2
325;16;135757;9
325;16;135757;9
334;88;21164;7
336;22;21164;7
334;56;21164;7
336;75;21164;7
334;88;21164;7
335;100;21164;7
338;16;32787;2
338;16;32787;2
339;16;32787;2
339;16;32787;2
339;16;32787;2
339;93;32787;2
340;95;32787;2
329;18;135757;9
331;19;135757;9
326;27;135757;9
326;40;135757;9
364;95;32787;2
364;87;32787;2
365;103;32787;2
353;84;135757;9
347;43;135757;9
357;25;135757;9
357;25;135757;9
345;76;245916;5
353;84;135757;9
351;82;245916;5
361;26;21164;7
353;26;135757;9
350;35;135757;4
364;77;32787;2
364;77;32787;2
345;81;245916;5
353;107;135757;9
346;19;135757;9
346;19;135757;9
366;32;32787;2
353;26;135757;9
345;106;245916;5
345;24;245916;5
345;24;245916;5
363;66;21164;7
346;16;135757;9
346;16;135757;9
366;16;32787;2
366;16;32787;2
347;54;135757;9
352;40;135757;9
347;28;135757;9
358;28;135757;9
361;28;21164;7
361;28;21164;7
348;27;245916;5
354;50;135757;3
355;47;135757;4
354;50;135757;4
352;42;135757;4
356;59;135757;4
348;18;245916;5
348;18;135757;9
348;18;135757;9
351;60;135757;3
355;11;135757;3
355;63;135757;3
347;28;135757;3
353;75;135757;9
359;85;135757;9
353;85;135757;9
345;39;245916;5
360;29;135757;9
362;109;21164;7
345;21;135757;3
351;67;135757;3
351;64;135757;3
357;25;135757;3
347;29;135757;3
355;51;135757;3
352;16;135757;3
352;71;135757;3
345;104;135757;3
352;38;135757;3
352;40;135757;3
349;73;135757;3
355;49;135757;3
354;14;135757;3
351;68;135757;3
362;22;21164;7
363;18;21164;7
365;18;32787;2
347;28;135757;9
353;85;135757;9
347;25;135757;9
350;35;135757;9
352;40;135757;9
358;28;135757;9
361;16;21164;7
361;16;21164;7
362;56;21164;7
364;16;32787;2
364;16;32787;2
366;16;32787;2
389;23;245916;5
388;36;135757;9
372;43;135757;9
389;39;245916;5
388;106;245916;5
376;22;245916;5
376;22;135757;9
378;26;135757;9
378;26;135757;9
389;54;135757;9
378;21;135757;9
378;21;135757;9
384;32;32787;2
386;99;21164;7
378;86;135757;9
378;19;135757;9
378;19;135757;9
386;109;21164;7
389;53;135757;9
388;87;135757;9
382;28;135757;9
376;28;135757;9
384;28;32787;2
373;28;21164;7
373;28;21164;7
388;18;135757;9
388;18;135757;9
388;18;245916;5
377;27;135757;9
377;27;245916;5
369;18;32787;2
373;18;21164;7
375;50;135757;3
371;47;135757;4
376;59;135757;4
387;35;135757;4
379;24;245916;5
379;24;245916;5
375;60;135757;3
376;28;135757;3
375;11;135757;3
371;63;135757;3
383;16;135757;9
372;16;135757;9
372;16;135757;9
379;29;135757;9
384;16;32787;2
384;16;32787;2
369;77;32787;2
385;85;135757;9
372;85;135757;9
372;85;135757;9
376;28;135757;9
378;21;135757;3
377;67;135757;3
371;64;135757;3
380;25;135757;3
380;29;135757;3
371;51;135757;3
371;68;135757;3
380;16;135757;3
372;71;135757;3
377;104;135757;3
376;38;135757;3
377;40;135757;3
390;73;135757;3
371;49;135757;3
375;14;135757;3
377;40;135757;9
372;81;245916;5
372;81;245916;5
376;22;135757;9
373;18;21164;7
369;18;32787;2
384;16;32787;2
384;16;32787;2
386;22;21164;7
386;91;21164;7
379;29;135757;9
382;28;135757;9
374;32;32787;2
387;19;135757;9
372;29;135757;9
384;16;32787;2
369;16;32787;2
369;16;32787;2
386;56;21164;7
386;88;21164;7
386;16;21164;7
386;16;21164;7
373;66;21164;7
387;35;135757;9
409;87;135757;9
396;95;32787;2
408;97;21164;7
406;82;245916;5
399;25;135757;9
399;25;135757;9
408;100;21164;7
405;22;245916;5
414;19;135757;9
393;19;135757;9
408;101;21164;7
406;76;245916;5
405;24;245916;5
405;24;245916;5
395;75;135757;9
396;19;32787;2
399;43;135757;9
394;26;32787;2
394;32;32787;2
396;77;32787;2
397;19;21164;7
406;27;245916;5
405;106;245916;5
395;40;135757;9
395;40;135757;9
395;40;135757;3
397;26;21164;7
395;26;135757;9
395;26;135757;9
408;28;21164;7
408;28;21164;7
411;28;135757;9
411;28;135757;9
395;28;135757;9
393;60;135757;3
395;28;135757;3
395;28;135757;9
399;43;135757;4
393;47;135757;4
409;42;135757;4
410;21;135757;3
404;59;135757;4
403;35;135757;4
406;81;245916;5
401;85;135757;9
410;85;135757;9
413;18;245916;5
413;18;135757;9
413;18;135757;9
407;18;21164;7
394;18;32787;2
393;67;135757;3
393;64;135757;3
392;51;135757;3
393;68;135757;3
392;16;135757;3
409;71;135757;3
409;104;135757;3
410;38;135757;3
402;73;135757;3
392;49;135757;3
392;14;135757;3
392;50;135757;3
409;16;135757;9
396;16;32787;2
396;16;32787;2
394;16;32787;2
412;54;135757;9
397;92;21164;7
394;16;32787;2
394;16;32787;2
397;22;21164;7
399;23;245916;5
406;39;245916;5
410;29;135757;9
412;83;135757;9
412;83;135757;9
403;35;135757;9
403;35;135757;9
396;107;32787;2
410;85;245916;5
393;53;135757;9
414;19;135757;9
397;56;21164;7
410;29;135757;9
410;16;135757;9
409;16;135757;9
410;85;135757;9
409;36;135757;9
412;26;21164;7
412;22;135757;9
397;16;21164;7
397;16;21164;7
415;27;135757;9
420;36;135757;9
425;21;135757;9
436;50;32787;2
432;21;135757;9
419;35;135757;9
434;77;32787;2
434;77;32787;2
434;32;32787;2
420;24;245916;5
432;40;135757;9
432;40;135757;3
452;43;135757;9
420;106;245916;5
418;50;135757;3
449;106;245916;5
421;18;135757;9
421;18;135757;9
434;18;32787;2
434;18;32787;2
419;35;135757;4
426;104;135757;3
426;16;135757;3
447;39;245916;5
420;27;245916;5
435;16;32787;2
419;19;135757;9
419;19;135757;9
420;27;135757;9
420;27;135757;9
420;75;135757;9
419;54;135757;9
419;35;135757;9
432;40;135757;9
423;60;135757;3
432;28;135757;3
418;50;135757;4
419;59;135757;4
418;67;135757;3
421;85;135757;9
428;28;135757;9
421;28;135757;9
421;28;135757;9
435;28;32787;2
423;64;135757;3
420;29;135757;3
418;51;135757;3
423;68;135757;3
426;71;135757;3
426;38;135757;3
438;73;135757;3
418;49;135757;3
418;14;135757;3
426;21;135757;3
423;16;135757;9
432;16;135757;9
435;16;32787;2
457;29;21164;7
457;29;21164;7
458;99;21164;7
458;22;21164;7
451;26;135757;9
451;26;135757;9
452;75;135757;9
422;29;135757;9
422;29;135757;9
444;50;135757;3
452;71;135757;3
453;28;135757;3
445;60;135757;3
444;11;135757;3
445;63;135757;3
440;25;135757;9
440;25;135757;9
458;25;21164;7
450;21;135757;9
450;21;135757;9
442;18;245916;5
442;18;135757;9
442;18;135757;9
459;18;21164;7
459;18;21164;7
454;22;245916;5
454;22;245916;5
454;22;135757;9
449;24;245916;5
449;24;245916;5
450;23;245916;5
450;23;245916;5
451;29;135757;9
451;29;135757;9
421;19;135757;9
456;97;21164;7
432;16;135757;9
434;16;32787;2
435;32;32787;2
445;47;135757;4
452;42;135757;4
452;43;135757;4
465;59;135757;4
464;35;135757;4
444;51;135757;3
445;49;135757;3
445;64;135757;3
446;14;135757;3
447;67;135757;3
446;68;135757;3
447;40;135757;3
447;104;135757;3
446;16;135757;3
446;29;135757;3
450;21;135757;3
462;73;135757;3
455;38;135757;3
450;82;245916;5
454;27;245916;5
450;81;245916;5
450;81;245916;5
443;28;135757;9
453;28;135757;9
454;19;135757;9
454;19;135757;9
449;84;135757;9
451;54;135757;9
451;85;135757;9
451;85;135757;9
457;16;21164;7
457;16;21164;7
456;100;21164;7
457;88;21164;7
456;101;21164;7
457;28;21164;7
457;28;21164;7
461;19;21164;7
458;56;21164;7
460;66;21164;7
459;26;21164;7
453;28;135757;9
443;28;135757;9
463;50;135757;4
466;16;32787;2
466;16;32787;2
466;16;32787;2
466;16;32787;2
466;16;32787;2
460;103;21164;7
457;109;21164;7
458;109;21164;7
439;16;135757;9
454;16;135757;9
454;16;135757;9
441;85;135757;9
453;83;135757;9
453;83;135757;9
450;25;135757;9
458;18;21164;7
486;23;245916;5
490;84;32787;2
490;95;32787;2
489;103;32787;2
489;36;32787;2
482;75;135757;9
481;40;135757;3
481;40;135757;9
481;40;135757;9
486;24;245916;5
486;24;245916;5
475;43;135757;9
486;26;135757;9
486;26;135757;9
490;26;32787;2
474;19;135757;9
474;19;135757;9
482;86;135757;9
483;25;21164;7
482;25;135757;9
486;87;135757;9
475;54;135757;9
492;100;21164;7
469;50;135757;4
468;47;135757;4
481;42;135757;4
488;59;135757;4
481;35;135757;4
468;60;135757;3
468;63;135757;3
481;28;135757;3
486;81;245916;5
492;31;21164;7
473;27;135757;9
475;27;135757;9
475;27;245916;5
479;28;135757;9
479;28;135757;9
481;28;135757;9
492;109;21164;7
481;35;135757;9
481;35;135757;9
484;16;135757;9
484;16;135757;9
484;16;135757;3
485;18;245916;5
485;18;135757;9
485;18;135757;9
478;18;32787;2
491;18;21164;7
469;50;135757;3
480;85;135757;9
471;67;135757;3
471;64;135757;3
484;29;135757;3
469;51;135757;3
471;68;135757;3
481;71;135757;3
475;104;135757;3
472;38;135757;3
487;73;135757;3
468;49;135757;3
468;14;135757;3
471;21;135757;3
489;16;32787;2
489;16;32787;2
489;16;32787;2
492;28;21164;7
492;28;21164;7
481;28;135757;9
483;110;21164;7
490;77;32787;2
489;32;32787;2
491;18;21164;7
490;18;32787;2
475;39;245916;5
477;29;135757;9
483;22;21164;7
483;56;21164;7
485;16;135757;9
485;85;135757;9
490;16;32787;2
490;16;32787;2
491;16;21164;7
491;16;21164;7
493;50;32787;2
514;95;32787;2
520;103;32787;2
524;82;245916;5
528;84;135757;9
532;83;135757;9
532;83;135757;9
526;25;135757;3
520;87;32787;2
528;87;135757;9
528;87;135757;9
513;31;21164;7
521;66;21164;7
526;23;245916;5
525;80;245916;5
524;24;245916;5
524;24;245916;5
517;40;135757;9
508;40;135757;9
520;93;32787;2
526;25;135757;9
526;25;135757;9
527;28;135757;9
527;28;135757;9
520;28;32787;2
513;28;21164;7
513;28;21164;7
517;27;245916;5
517;75;135757;9
525;80;135757;9
520;26;32787;2
514;32;32787;2
531;43;135757;9
525;55;135757;9
525;55;135757;9
532;19;135757;9
532;19;135757;9
526;26;135757;9
526;26;135757;9
512;21;135757;9
532;54;135757;9
525;39;245916;5
523;47;135757;4
531;43;135757;4
533;50;135757;4
515;59;135757;4
517;40;135757;3
520;16;32787;2
523;60;135757;3
519;85;245916;5
511;85;135757;9
520;110;32787;2
514;77;32787;2
514;77;32787;2
508;50;135757;3
523;63;135757;3
524;22;245916;5
528;18;245916;5
528;18;135757;9
528;18;135757;9
521;18;21164;7
521;18;21164;7
522;18;32787;2
522;18;32787;2
529;21;135757;3
519;85;135757;9
523;67;135757;3
508;49;135757;3
523;64;135757;3
529;29;135757;3
508;51;135757;3
508;68;135757;3
529;16;135757;3
529;71;135757;3
530;104;135757;3
516;38;135757;3
508;14;135757;3
508;14;135757;3
531;16;135757;9
531;16;135757;9
519;29;135757;9
517;35;135757;9
513;22;21164;7
513;99;21164;7
529;81;245916;5
514;16;32787;2
520;16;32787;2
520;16;32787;2
513;25;21164;7
513;16;21164;7
513;16;21164;7
519;29;135757;9
520;52;32787;2
522;94;32787;2
522;94;32787;2
522;94;32787;2
517;35;135757;9
548;31;135757;9
537;36;135757;9
531;19;135757;9
537;75;135757;9
537;43;135757;9
537;36;135757;9
542;35;135757;9
542;35;135757;4
544;26;21164;7
543;86;135757;9
544;23;245916;5
543;81;245916;5
552;103;32787;2
537;24;245916;5
537;24;245916;5
554;32;32787;2
542;19;135757;9
542;19;135757;9
553;41;32787;2
543;39;245916;5
543;22;245916;5
540;27;135757;4
545;28;135757;9
545;28;135757;9
539;40;135757;3
540;27;135757;9
540;27;135757;9
536;50;135757;3
536;50;135757;3
551;109;21164;7
534;50;32787;2
539;40;135757;3
539;28;135757;9
551;28;21164;7
551;28;21164;7
540;27;245916;5
535;60;135757;3
539;28;135757;3
549;63;135757;3
544;18;245916;5
544;18;135757;9
544;18;135757;9
538;18;21164;7
553;18;32787;2
549;47;135757;4
551;22;21164;7
543;22;135757;9
543;22;135757;9
547;85;135757;9
552;16;32787;2
552;16;32787;2
546;29;135757;9
537;26;135757;9
536;50;135757;4
548;59;135757;4
548;16;135757;3
548;16;135757;3
539;104;135757;3
549;67;135757;3
549;67;135757;3
549;64;135757;3
549;64;135757;3
548;29;135757;3
535;51;135757;3
535;51;135757;3
536;68;135757;3
539;71;135757;3
550;38;135757;3
535;49;135757;3
535;49;135757;3
535;14;135757;3
535;14;135757;3
535;21;135757;3
553;16;32787;2
553;16;32787;2
552;77;32787;2
552;77;32787;2
541;16;135757;9
548;16;135757;9
551;29;21164;7
539;28;135757;9
544;82;245916;5
539;19;135757;9
542;22;135757;9
542;54;135757;9
551;25;21164;7
551;16;21164;7
551;16;21164;7
552;16;32787;2
553;52;32787;2
571;97;21164;7
555;76;245916;5
555;82;245916;5
571;76;21164;7
555;81;245916;5
571;101;21164;7
571;100;21164;7
568;53;135757;9
575;66;32787;2
579;66;21164;7
564;35;135757;9
564;35;135757;4
574;77;32787;2
575;52;32787;2
566;25;135757;9
566;25;135757;9
576;25;21164;7
563;43;135757;9
566;40;135757;9
566;40;135757;9
566;40;135757;3
555;106;245916;5
564;27;245916;5
564;19;135757;9
564;19;135757;9
564;54;135757;9
558;26;135757;9
558;26;135757;9
563;75;135757;9
575;32;32787;2
575;93;32787;2
568;60;135757;3
568;63;135757;3
557;21;135757;9
557;21;135757;9
567;50;135757;3
567;50;135757;3
560;30;135757;9
568;47;135757;4
564;35;135757;4
560;18;245916;5
560;18;135757;9
573;18;21164;7
573;18;21164;7
574;18;32787;2
557;21;135757;3
555;24;245916;5
555;24;245916;5
568;22;245916;5
568;22;245916;5
578;59;135757;4
569;85;245916;5
569;85;135757;9
567;67;135757;3
567;67;135757;3
568;64;135757;3
557;29;135757;3
567;51;135757;3
567;68;135757;3
565;16;135757;3
557;71;135757;3
558;104;135757;3
577;38;135757;3
566;40;135757;3
567;49;135757;3
567;14;135757;3
573;28;21164;7
573;28;21164;7
573;92;21164;7
573;99;21164;7
565;16;135757;9
565;16;135757;9
570;28;135757;9
558;28;135757;9
558;28;135757;9
560;29;135757;9
574;16;32787;2
575;16;32787;2
574;77;32787;2
572;103;32787;2
574;28;32787;2
574;26;32787;2
575;108;32787;2
576;91;21164;7
560;29;135757;9
576;110;21164;7
570;28;135757;9
564;27;135757;9
557;53;135757;9
557;28;135757;9
576;22;21164;7
576;16;21164;7
576;16;21164;7
574;16;32787;2
575;16;32787;2
575;16;32787;2
579;56;21164;7
573;56;21164;7
583;83;135757;9
587;36;135757;9
589;103;32787;2
585;87;135757;9
613;103;21164;7
590;52;32787;2
614;25;21164;7
606;25;135757;9
606;25;135757;9
587;40;135757;9
587;40;135757;3
580;13;135757;3
585;81;245916;5
587;22;245916;5
585;86;135757;9
585;75;135757;9
582;28;135757;3
605;75;135757;9
605;82;245916;5
614;66;21164;7
614;66;21164;7
586;106;245916;5
602;106;245916;5
587;24;245916;5
589;19;32787;2
583;19;135757;9
583;19;135757;9
589;26;32787;2
590;32;32787;2
590;77;32787;2
590;77;32787;2
589;93;32787;2
585;18;135757;9
581;47;135757;4
594;59;135757;4
583;35;135757;4
586;85;135757;9
583;27;135757;9
588;28;135757;9
588;28;135757;9
587;40;135757;3
593;29;135757;9
581;71;135757;3
592;50;32787;2
581;60;135757;3
581;67;135757;3
581;64;135757;3
581;64;135757;3
580;51;135757;3
580;51;135757;3
580;68;135757;3
582;16;135757;3
582;16;135757;3
582;38;135757;3
580;49;135757;3
580;49;135757;3
580;14;135757;3
580;14;135757;3
580;50;135757;3
581;21;135757;3
581;21;135757;3
595;13;135757;3
589;16;32787;2
589;16;32787;2
589;16;32787;2
589;28;32787;2
589;18;32787;2
601;43;135757;9
612;29;21164;7
593;29;135757;9
602;23;245916;5
602;23;245916;5
598;40;135757;3
598;40;135757;3
607;28;135757;3
596;60;135757;3
596;63;135757;3
586;54;135757;9
590;16;32787;2
590;16;32787;2
601;22;245916;5
601;22;135757;9
601;22;135757;9
598;71;135757;3
605;18;245916;5
605;18;245916;5
601;36;135757;9
613;109;21164;7
582;104;135757;3
593;16;135757;9
593;16;135757;9
582;16;135757;9
585;18;135757;9
598;83;135757;9
598;83;135757;9
582;19;135757;9
586;19;135757;9
615;76;21164;7
603;28;135757;9
603;28;135757;9
607;28;135757;9
599;27;135757;9
599;27;245916;5
616;18;21164;7
605;18;135757;9
605;18;135757;9
599;40;135757;9
596;50;135757;4
596;47;135757;4
610;59;135757;4
598;42;135757;4
608;35;135757;4
598;27;135757;4
599;81;245916;5
599;81;245916;5
602;78;245916;5
602;78;245916;5
602;24;245916;5
602;24;245916;5
612;16;21164;7
612;16;21164;7
613;19;21164;7
615;97;21164;7
612;28;21164;7
612;28;21164;7
615;100;21164;7
612;98;21164;7
596;67;135757;3
596;67;135757;3
595;64;135757;3
595;64;135757;3
606;29;135757;3
596;51;135757;3
596;51;135757;3
595;68;135757;3
597;16;135757;3
597;16;135757;3
611;38;135757;3
595;49;135757;3
595;49;135757;3
595;14;135757;3
595;14;135757;3
596;50;135757;3
598;21;135757;3
598;21;135757;3
604;16;135757;9
604;16;135757;9
608;19;135757;9
599;19;135757;9
607;26;135757;9
607;26;135757;9
597;29;135757;9
606;29;135757;9
607;54;135757;9
607;28;135757;9
606;29;135757;9
600;85;135757;9
607;85;245916;5
606;84;135757;9
608;25;135757;9
609;62;135757;4
613;101;21164;7
617;16;32787;2
617;16;32787;2
617;16;32787;2
617;16;32787;2
628;23;245916;5
628;23;245916;5
645;95;32787;2
636;97;21164;7
627;83;135757;9
622;75;135757;9
639;103;32787;2
641;19;135757;9
628;19;135757;9
636;66;21164;7
645;66;32787;2
648;82;245916;5
622;87;135757;9
622;87;135757;9
636;76;21164;7
621;80;245916;5
645;41;32787;2
627;86;135757;9
628;35;135757;9
628;35;135757;9
644;25;21164;7
621;24;245916;5
621;24;245916;5
627;43;135757;9
627;43;135757;9
633;21;135757;9
621;106;245916;5
628;19;135757;9
636;100;21164;7
624;29;135757;9
623;54;135757;9
619;29;135757;9
622;22;245916;5
620;28;135757;3
631;60;135757;3
631;63;135757;3
631;11;135757;3
619;40;135757;9
619;40;135757;9
619;40;135757;3
639;77;32787;2
639;77;32787;2
630;27;245916;5
625;27;135757;9
630;27;135757;9
645;32;32787;2
623;27;135757;4
628;35;135757;4
639;29;32787;2
628;81;245916;5
620;21;135757;3
620;21;135757;3
639;28;32787;2
642;28;135757;9
620;28;135757;9
620;28;135757;9
620;71;135757;3
620;42;135757;4
638;50;32787;2
619;40;135757;9
619;40;135757;3
626;85;135757;9
620;42;135757;4
628;59;135757;4
632;50;135757;4
623;85;135757;9
623;85;245916;5
627;43;135757;4
631;47;135757;4
629;67;135757;3
635;18;245916;5
635;18;245916;5
639;16;32787;2
637;18;32787;2
639;36;32787;2
640;18;21164;7
644;92;21164;7
636;28;21164;7
631;64;135757;3
631;64;135757;3
630;29;135757;3
631;51;135757;3
631;68;135757;3
629;16;135757;3
629;16;135757;3
643;38;135757;3
632;14;135757;3
636;22;21164;7
632;49;135757;3
632;49;135757;3
632;14;135757;3
632;50;135757;3
634;16;135757;9
630;16;135757;9
630;16;135757;9
623;18;135757;9
635;18;135757;9
635;18;135757;9
623;16;135757;9
622;26;135757;9
622;26;135757;9
642;28;135757;9
627;108;135757;9
639;16;32787;2
639;16;32787;2
629;67;135757;3
636;18;21164;7
636;18;21164;7
644;56;21164;7
644;16;21164;7
644;16;21164;7
645;16;32787;2
645;16;32787;2
646;28;135757;9
647;43;135757;9
647;35;135757;9
647;19;135757;9
647;19;135757;9
647;83;135757;9
647;83;135757;9
647;85;135757;9
647;106;245916;5
648;23;245916;5
648;81;245916;5
648;76;245916;5
648;18;245916;5
648;18;245916;5
648;18;135757;9
648;84;135757;9
651;75;135757;9
651;27;245916;5
650;67;135757;3
650;67;135757;3
650;60;135757;3
650;63;135757;3
649;11;135757;3
650;64;135757;3
650;64;135757;3
652;29;135757;3
649;51;135757;3
649;68;135757;3
652;16;135757;3
652;16;135757;3
650;71;135757;3
653;38;135757;3
652;40;135757;3
654;49;135757;3
649;50;135757;3
649;50;135757;3
649;14;135757;3
649;14;135757;3
650;54;135757;9
652;21;135757;3
652;21;135757;3
660;112;135757;9
657;53;135757;9
672;108;135757;9
679;66;32787;2
680;66;21164;7
672;106;245916;5
675;109;21164;7
660;31;135757;9
669;81;245916;5
677;87;32787;2
672;23;245916;5
672;113;245916;5
660;43;135757;9
660;75;135757;9
658;86;135757;9
657;15;135757;4
677;103;32787;2
672;24;245916;5
672;24;245916;5
660;36;135757;9
660;31;135757;9
660;31;135757;9
661;22;245916;5
660;26;135757;9
660;26;135757;9
674;26;21164;7
672;54;135757;9
661;71;135757;3
662;27;135757;9
662;27;135757;9
675;31;21164;7
658;28;135757;9
658;28;135757;9
674;28;21164;7
674;28;21164;7
678;28;32787;2
655;50;135757;3
661;42;135757;4
661;19;135757;9
661;19;135757;9
671;29;135757;9
657;35;135757;9
657;35;135757;9
656;60;135757;3
658;28;135757;3
656;11;135757;3
656;63;135757;3
656;47;135757;4
676;85;135757;9
657;85;245916;5
657;85;135757;9
657;85;135757;9
669;18;245916;5
669;18;245916;5
669;18;135757;9
669;18;135757;9
674;18;21164;7
674;18;21164;7
670;18;21164;7
677;18;32787;2
677;18;32787;2
673;21;135757;9
673;21;135757;9
663;16;135757;9
661;16;135757;9
661;40;135757;3
661;40;135757;3
655;50;135757;4
657;35;135757;4
655;67;135757;3
655;67;135757;3
656;64;135757;3
656;64;135757;3
661;29;135757;3
655;51;135757;3
655;51;135757;3
655;68;135757;3
663;16;135757;3
663;16;135757;3
667;38;135757;3
655;13;135757;3
656;49;135757;3
656;49;135757;3
655;14;135757;3
655;14;135757;3
673;21;135757;3
662;27;245916;5
678;52;32787;2
678;16;32787;2
678;32;32787;2
678;95;32787;2
675;25;21164;7
668;50;32787;2
677;77;32787;2
661;16;135757;9
674;22;21164;7
674;29;21164;7
675;16;21164;7
675;16;21164;7
677;16;32787;2
677;16;32787;2
677;77;32787;2
678;16;32787;2
678;16;32787;2
685;24;245916;5
685;24;245916;5
684;50;135757;3
684;11;135757;3
685;59;135757;4
685;27;135757;9
685;27;135757;9
685;27;245916;5
696;50;32787;2
684;67;135757;3
684;67;135757;3
684;51;135757;3
684;51;135757;3
685;35;135757;4
684;49;135757;3
684;49;135757;3
684;14;135757;3
684;14;135757;3
684;50;135757;3
685;21;245916;5
708;82;245916;5
715;31;245916;5
700;106;245916;5
705;43;135757;9
725;32;32787;2
715;83;135757;9
703;86;135757;9
703;36;135757;9
715;31;135757;9
715;31;135757;9
708;75;135757;9
724;77;32787;2
724;77;32787;2
725;103;32787;2
724;66;32787;2
721;25;21164;7
720;26;21164;7
720;66;21164;7
722;109;21164;7
712;26;135757;9
715;53;135757;9
722;96;21164;7
700;19;135757;9
700;19;135757;9
705;19;135757;3
716;15;135757;4
703;54;135757;9
719;13;135757;3
701;50;135757;4
700;27;135757;4
717;59;135757;4
700;35;135757;4
720;28;21164;7
707;28;135757;9
714;28;135757;9
715;22;245916;5
715;22;135757;9
700;81;245916;5
700;81;245916;5
712;30;135757;9
704;27;135757;9
700;27;135757;9
702;85;135757;9
711;85;135757;9
701;50;135757;3
701;50;135757;3
708;18;245916;5
714;27;245916;5
713;28;135757;3
699;11;135757;3
706;21;135757;9
709;29;135757;9
708;18;135757;9
708;18;135757;9
714;24;245916;5
714;24;245916;5
725;91;32787;2
701;67;135757;3
701;67;135757;3
699;60;135757;3
699;63;135757;3
703;104;135757;3
699;64;135757;3
699;64;135757;3
713;29;135757;3
701;51;135757;3
701;51;135757;3
699;68;135757;3
713;16;135757;3
713;16;135757;3
705;71;135757;3
718;38;135757;3
713;40;135757;3
713;40;135757;3
699;49;135757;3
699;49;135757;3
699;14;135757;3
699;14;135757;3
705;21;135757;3
705;21;135757;3
721;29;21164;7
720;32;21164;7
720;18;21164;7
724;16;32787;2
724;16;32787;2
723;50;32787;2
724;18;32787;2
725;52;32787;2
712;16;135757;9
712;16;135757;9
700;35;135757;9
722;22;21164;7
732;76;245916;5
732;23;245916;5
732;23;245916;5
730;108;135757;9
708;31;135757;9
714;28;135757;9
731;82;245916;5
703;85;245916;5
732;39;245916;5
721;16;21164;7
721;16;21164;7
722;19;21164;7
724;32;32787;2
724;94;32787;2
724;16;32787;2
725;16;32787;2
725;41;32787;2
725;16;32787;2
725;16;32787;2
725;94;32787;2
735;50;135757;3
735;50;135757;3
735;50;135757;4
732;40;135757;9
732;40;135757;3
737;47;135757;4
733;42;135757;4
737;27;135757;4
733;35;135757;4
735;51;135757;3
735;49;135757;3
735;49;135757;3
736;11;135757;3
736;60;135757;3
737;63;135757;3
736;64;135757;3
736;64;135757;3
735;14;135757;3
736;67;135757;3
736;67;135757;3
733;71;135757;3
732;40;135757;3
732;104;135757;3
736;16;135757;3
736;16;135757;3
730;29;135757;3
737;21;135757;3
737;21;135757;3
730;38;135757;3
731;81;245916;5
734;18;245916;5
730;22;245916;5
732;24;245916;5
732;24;245916;5
737;21;245916;5
737;27;245916;5
729;85;245916;5
734;96;245916;5
728;31;245916;5
730;106;245916;5
731;43;135757;9
731;25;135757;9
731;25;135757;9
734;18;135757;9
733;19;135757;9
733;19;135757;9
731;26;135757;9
731;26;135757;9
727;28;135757;9
729;28;135757;9
729;28;135757;9
730;29;135757;9
728;31;135757;9
728;31;135757;9
731;86;135757;9
733;54;135757;9
710;85;135757;9
729;85;135757;9
733;35;135757;9
729;75;135757;9
743;16;32787;2
743;16;32787;2
744;41;32787;2
743;88;32787;2
743;28;32787;2
744;32;32787;2
743;77;32787;2
743;18;32787;2
743;18;32787;2
744;95;32787;2
744;103;32787;2
742;16;21164;7
742;16;21164;7
742;96;21164;7
741;103;21164;7
740;100;21164;7
741;97;21164;7
742;28;21164;7
740;101;21164;7
741;25;21164;7
742;32;21164;7
740;76;21164;7
739;18;21164;7
733;28;135757;9
738;85;135757;9
730;16;135757;9
730;16;135757;9
734;53;135757;9
736;68;135757;3
742;91;21164;7
743;16;32787;2
743;29;32787;2
744;16;32787;2
744;16;32787;2
751;50;135757;4
750;59;135757;4
752;47;135757;4
748;43;135757;4
751;51;135757;3
751;51;135757;3
751;50;135757;3
751;49;135757;3
751;49;135757;3
751;11;135757;3
752;60;135757;3
752;63;135757;3
751;64;135757;3
751;64;135757;3
751;14;135757;3
751;14;135757;3
752;67;135757;3
752;67;135757;3
748;68;135757;3
753;71;135757;3
755;40;135757;3
755;40;135757;3
748;104;135757;3
753;16;135757;3
753;16;135757;3
752;21;135757;3
752;21;135757;3
754;38;135757;3
753;28;135757;3
757;24;245916;5
757;27;245916;5
757;106;245916;5
748;85;245916;5
747;18;135757;9
747;18;135757;9
747;16;135757;9
756;19;135757;9
756;19;135757;9
757;27;135757;9
757;27;135757;9
745;28;135757;9
745;28;135757;9
747;28;135757;9
747;28;135757;9
748;29;135757;9
756;83;135757;9
756;83;135757;9
748;22;135757;9
755;54;135757;9
746;85;135757;9
748;85;135757;9
748;85;135757;9
755;36;135757;9
755;40;135757;9
755;40;135757;9
755;75;135757;9
756;87;135757;9
756;87;135757;9
759;16;32787;2
759;16;32787;2
759;41;32787;2
759;91;32787;2
759;114;32787;2
760;26;32787;2
759;32;32787;2
760;77;32787;2
758;50;32787;2
760;18;32787;2
760;103;32787;2
753;16;135757;9
748;29;135757;9
759;16;32787;2
760;16;21164;7
760;16;21164;7
762;16;135757;9
762;16;135757;9
764;25;135757;9
768;51;135757;3
768;49;135757;3
768;64;135757;3
768;63;135757;3
768;60;135757;3
768;67;135757;3
768;68;135757;3
770;26;135757;9
770;26;135757;9
770;40;135757;9
770;40;135757;9
770;40;135757;9
770;86;135757;9
770;36;135757;9
805;50;135757;9
804;54;135757;9
803;25;135757;9
812;85;135757;9
813;27;135757;9
808;16;135757;9
814;29;135757;9
809;28;135757;9
810;28;135757;9
811;28;135757;9
862;21;135757;3
858;21;135757;3
856;16;135757;4
859;16;135757;4
859;16;135757;4
860;50;135757;3
860;50;135757;3
858;64;135757;3
860;49;135757;3
859;63;135757;3
860;60;135757;3
856;51;135757;3
866;71;135757;3
855;71;135757;3
868;67;135757;3
859;68;135757;3
863;23;245916;5
856;31;135757;4
866;43;135757;4
860;11;135757;3
862;31;135757;9
858;31;245916;5
857;75;135757;9
858;24;245916;5
863;24;245916;5
856;106;245916;5
858;27;245916;5
855;27;245916;5
855;27;245916;5
858;43;135757;9
863;16;135757;9
859;22;135757;9
855;22;135757;9
861;26;135757;9
862;26;135757;9
861;40;135757;3
863;40;135757;3
859;40;135757;3
862;40;135757;3
855;86;135757;9
866;36;135757;9
859;35;135757;4
859;35;135757;4
859;35;135757;4
855;19;135757;9
863;19;135757;9
861;19;135757;9
866;18;245916;5
857;18;245916;5
857;81;245916;5
807;18;245916;5
806;50;135757;3
865;16;21164;7
865;16;21164;7
864;32;21164;7
864;101;21164;7
865;100;21164;7
864;26;21164;7
855;43;135757;4
893;16;21164;7
893;16;21164;7
893;28;21164;7
893;29;21164;7
893;31;21164;7
893;28;21164;7
893;28;21164;7
893;84;21164;7
1155;28;135757;9
1151;29;135757;9
1153;29;135757;9
1172;67;135757;3
1148;60;135757;3
1148;63;135757;3
1151;28;135757;3
1172;11;135757;3
1172;64;135757;3
1148;51;135757;3
1172;68;135757;3
1151;16;135757;3
1157;42;135757;3
1098;38;135757;3
1151;40;135757;3
1148;13;135757;3
1148;49;135757;3
1153;19;135757;3
1157;14;135757;3
1172;50;135757;3
1154;21;135757;3
1152;116;21164;7
1147;95;32787;2
1150;117;32787;2
1149;19;21164;7
1147;26;32787;2
1156;32;32787;2
1149;32;21164;7
1149;56;21164;7
1147;16;32787;2
1147;16;32787;2
1147;16;32787;2
1150;16;32787;2
1150;29;32787;2
1150;29;32787;2
1147;103;32787;2
1150;28;32787;2
1149;28;21164;7
1149;28;21164;7
1153;29;135757;3
1149;118;21164;7
1147;77;32787;2
1150;77;32787;2
1158;18;32787;2
1147;18;32787;2
1149;18;21164;7
1152;91;21164;7
1292;25;135757;9
1307;25;135757;9
1305;25;135757;9
1320;25;135757;9
1306;85;135757;9
1321;85;135757;9
1344;85;135757;9
1322;83;135757;9
1322;83;135757;9
1338;22;135757;9
1327;31;135757;9
1338;31;135757;9
1327;31;245916;5
1340;31;245916;5
1328;22;245916;5
1327;80;245916;5
1330;50;135757;4
1325;47;135757;4
1324;27;135757;4
1326;31;135757;4
1324;42;135757;4
1327;35;135757;4
1329;117;32787;2
1333;23;245916;5
1331;43;245916;5
1339;43;135757;9
1293;28;135757;9
1308;28;135757;9
1324;28;135757;9
1302;28;135757;9
1317;28;135757;9
1294;28;135757;9
1309;28;135757;9
1326;28;135757;9
1300;19;135757;9
1315;19;135757;9
1304;27;135757;9
1319;27;135757;9
1341;27;135757;9
1322;84;135757;9
1327;66;135757;9
1324;116;135757;9
1326;36;135757;9
1322;120;135757;9
1334;19;245916;5
1338;27;245916;5
1323;28;21164;7
1323;116;21164;7
1342;19;135757;3
1341;19;135757;3
1331;24;245916;5
1342;24;245916;5
1295;119;135757;9
1310;119;135757;9
1303;16;135757;9
1318;16;135757;9
1333;16;135757;9
1334;16;135757;9
1335;60;135757;3
1330;11;135757;3
1323;19;21164;7
1334;86;135757;9
1324;26;135757;9
1323;26;21164;7
1322;75;135757;9
1327;18;245916;5
1340;18;245916;5
1339;18;135757;9
1343;18;135757;9
1339;54;135757;9
1338;21;245916;5
1327;35;135757;9
1326;40;135757;3
1328;40;135757;3
1324;19;135757;9
1331;19;135757;9
1334;118;135757;9
1333;118;135757;9
1323;103;21164;7
1329;103;32787;2
1336;32;21164;7
1337;32;32787;2
1298;29;135757;9
1313;29;135757;9
1325;67;135757;3
1324;28;135757;3
1325;64;135757;3
1333;29;135757;3
1330;51;135757;3
1325;68;135757;3
1328;16;135757;3
1299;29;135757;3
1314;29;135757;3
1344;38;135757;3
1325;13;135757;3
1335;49;135757;3
1177;14;135757;3
1330;50;135757;3
1332;21;135757;3
1329;16;32787;2
1329;16;32787;2
1329;16;32787;2
1323;22;21164;7
1323;28;21164;7
1323;118;21164;7
1296;50;32787;2
1311;50;32787;2
1301;18;21164;7
1316;18;21164;7
1297;18;32787;2
1312;18;32787;2
1329;18;32787;2
1329;77;32787;2
1323;88;21164;7
1336;25;21164;7
1333;29;135757;9
1329;22;32787;2
1331;42;135757;3
1357;25;135757;9
1358;25;135757;9
1359;86;135757;9
1377;18;135757;9
1365;18;245916;5
1370;76;245916;5
1363;95;32787;2
1362;76;21164;7
1374;120;21164;7
1373;117;32787;2
1369;75;135757;9
1363;103;32787;2
1377;43;135757;9
1375;85;245916;5
1372;21;245916;5
1375;21;135757;9
1364;21;135757;9
1370;83;135757;9
1372;23;245916;5
1368;80;135757;9
1372;26;135757;9
1365;26;135757;9
1356;85;135757;9
1367;19;245916;5
1379;19;32787;2
1365;22;245916;5
1374;100;21164;7
1363;116;32787;2
1364;116;135757;9
1373;32;32787;2
1362;32;21164;7
1363;77;32787;2
1367;40;135757;3
1374;118;21164;7
1373;118;32787;2
1367;54;135757;9
1364;31;245916;5
1364;31;135757;9
1366;50;135757;3
1368;27;135757;4
1371;47;135757;4
1353;19;135757;9
1367;24;245916;5
1368;24;245916;5
1365;27;245916;5
1376;16;135757;9
1360;28;135757;9
1361;28;135757;9
1369;28;135757;9
1354;27;135757;9
1355;29;135757;9
1365;35;135757;9
1365;66;135757;9
1364;22;135757;9
1374;29;21164;7
1362;28;21164;7
1362;28;21164;7
1373;16;32787;2
1373;16;32787;2
1373;16;32787;2
1362;18;21164;7
1362;18;21164;7
1371;67;135757;3
1371;60;135757;3
1371;63;135757;3
1366;11;135757;3
1371;64;135757;3
1368;29;135757;3
1366;51;135757;3
1368;16;135757;3
1368;71;135757;3
1352;13;135757;3
1366;49;135757;3
1364;19;135757;3
1369;21;135757;3
1365;69;135757;3
1369;118;135757;9
1370;118;135757;9
1371;47;135757;4
1374;66;21164;7
1370;28;135757;9
1363;28;32787;2
1379;19;32787;2
1487;31;135757;9
1489;43;245916;5
1490;66;135757;9
1490;66;135757;9
1485;25;135757;9
1399;80;245916;5
1399;22;245916;5
1489;75;135757;9
1488;77;32787;2
1399;40;135757;9
1399;40;135757;3
1486;19;135757;9
1484;85;135757;9
1399;19;135757;3
1399;83;135757;9
1489;23;245916;5
1491;24;245916;5
1489;24;245916;5
1489;19;245916;5
1491;54;135757;9
1492;32;32787;2
1488;95;32787;2
1399;16;135757;9
1489;16;135757;9
1488;16;32787;2
1488;91;32787;2
1539;21;135757;9
1540;22;135757;9
1545;11;135757;3
1565;21;21164;7
1566;21;21164;7
1567;66;21164;7
1556;31;135757;9
1541;31;135757;9
1547;11;135757;4
1546;47;135757;4
1548;38;135757;4
1549;42;135757;4
1555;27;135757;4
1556;31;135757;9
1554;25;135757;9
1550;43;135757;9
1552;66;135757;9
1552;66;135757;9
1556;83;135757;9
1556;83;135757;9
1542;54;135757;9
1557;54;135757;9
1564;86;135757;9
1557;56;135757;9
1555;27;135757;9
1557;26;135757;9
1538;19;135757;9
1537;16;135757;9
1559;16;135757;9
1559;16;135757;9
1556;110;135757;9
1556;110;135757;9
1551;18;135757;9
1551;18;135757;9
1543;28;135757;9
1557;277;135757;9
1557;277;135757;9
1552;341;135757;9
1552;35;135757;9
1552;35;135757;9
1553;85;135757;9
1550;52;135757;9
1549;15;135757;4
1548;37;135757;4
1551;18;245916;5
1550;43;245916;5
1562;21;245916;5
1550;81;245916;5
1550;31;245916;5
1550;31;245916;5
1550;24;245916;5
1555;27;245916;5
1551;80;245916;5
1552;77;245916;5
1544;51;135757;3
1544;50;135757;3
1544;49;135757;3
1545;60;135757;3
1546;63;135757;3
1564;64;135757;3
1549;13;135757;3
1544;44;135757;3
1545;68;135757;3
1568;96;21164;7
1549;70;135757;3
1570;32;21164;7
1552;40;135757;3
1554;25;135757;3
1562;19;135757;3
1568;56;21164;7
1559;16;135757;3
1562;29;135757;3
1569;25;21164;7
1560;21;135757;3
1572;32;32787;2
1548;38;135757;3
1573;93;32787;2
1564;28;135757;3
1571;16;32787;2
1571;16;32787;2
1570;29;21164;7
1573;41;32787;2
1568;28;21164;7
1568;28;21164;7
1571;29;32787;2
1569;22;21164;7
1572;28;32787;2
1573;26;32787;2
1569;18;21164;7
1573;22;32787;2
1572;95;32787;2
1573;18;32787;2
1573;18;32787;2
1573;277;32787;2
1571;344;32787;2
1568;277;21164;7
1570;347;21164;7
1553;57;135757;3
1572;16;32787;2
1572;16;32787;2
1571;16;32787;2
1573;32;32787;2
1573;77;32787;2
1571;29;32787;2
1573;345;32787;2
1570;16;21164;7
1570;16;21164;7
1570;27;21164;7
1605;21;21164;7
1638;27;21164;7
1612;21;135757;9
1624;83;135757;9
1648;31;135757;9
1648;31;135757;9
1625;36;135757;9
1625;40;135757;9
1625;40;135757;3
1631;43;245916;5
1624;23;245916;5
1629;31;135757;3
1561;21;135757;3
1561;21;135757;3
1561;338;135757;3
1563;29;135757;3
1563;338;135757;3
1552;35;135757;4
1553;23;135757;9
1554;338;135757;9
1621;320;32787;2
1638;52;21164;7
1618;25;21164;7
1618;90;21164;7
1558;19;135757;9
1625;81;245916;5
1625;19;245916;5
1625;19;245916;5
1625;22;245916;5
1630;21;245916;5
1564;28;135757;9
1564;28;135757;9
1626;80;245916;5
1633;67;135757;3
1631;21;135757;3
1631;21;135757;3
1632;21;135757;3
1623;23;135757;9
1623;43;135757;9
1608;25;135757;9
1628;52;135757;9
1627;86;135757;9
1618;98;21164;7
1618;32;21164;7
1625;26;135757;9
1609;27;135757;9
1633;338;135757;3
1550;93;135757;9
1623;54;135757;9
1626;18;135757;9
1629;18;135757;9
1625;16;135757;9
1627;16;135757;9
1610;16;135757;9
1630;28;135757;9
1611;28;135757;9
1633;64;135757;3
1633;64;135757;3
1633;44;135757;3
1625;70;135757;3
1625;19;135757;3
1626;19;135757;3
1640;16;32787;2
1620;16;32787;2
1622;41;32787;2
1620;32;32787;2
1557;93;135757;9
1624;31;245916;5
1629;18;245916;5
1627;27;245916;5
1633;50;135757;4
1646;47;135757;4
1629;31;135757;4
1645;11;135757;4
1641;35;135757;4
1641;37;135757;4
1629;27;135757;4
1629;15;135757;4
1643;38;135757;4
1559;29;135757;3
1629;277;135757;9
1631;277;135757;9
1641;35;135757;9
1634;51;135757;3
1644;51;135757;3
1634;50;135757;3
1634;49;135757;3
1634;49;135757;3
1633;11;135757;3
1646;60;135757;3
1633;63;135757;3
1644;13;135757;3
1633;68;135757;3
1628;57;135757;3
1629;16;135757;3
1628;16;135757;3
1628;29;135757;3
1643;38;135757;3
1629;28;135757;3
1618;29;21164;7
1638;22;21164;7
1635;28;21164;7
1635;22;21164;7
1638;22;21164;7
1638;18;21164;7
1621;29;32787;2
1621;29;32787;2
1621;117;32787;2
1621;26;32787;2
1640;277;32787;2
1615;50;32787;2
1640;18;32787;2
1621;18;32787;2
1622;344;32787;2
1640;19;32787;2
1646;21;135757;3
1613;19;135757;9
1614;54;135757;9
1617;85;135757;9
1627;107;135757;4
1622;93;32787;2
1635;29;21164;7
1635;90;21164;7
1635;16;21164;7
1635;16;21164;7
1636;47;21164;7
1636;66;21164;7
1635;25;21164;7
1635;277;21164;7
1636;112;21164;7
1621;16;32787;2
1640;16;32787;2
1640;16;32787;2
1640;88;32787;2
1640;32;32787;2
1621;56;32787;2
1620;32;32787;2
1641;66;135757;9
1629;32;135757;9
1630;21;135757;3
1643;21;135757;3
1644;21;135757;3
1649;21;21164;7
1660;95;32787;2
1651;21;135757;9
1662;83;135757;9
1661;83;135757;9
1663;21;245916;5
1658;96;21164;7
1657;25;21164;7
1659;344;32787;2
1661;25;135757;9
1672;43;135757;9
1656;19;135757;9
1663;21;135757;9
1650;31;135757;9
1661;19;245916;5
1662;80;245916;5
1686;19;135757;3
1664;85;135757;9
1655;86;135757;9
1653;32;32787;2
1658;32;21164;7
1674;19;135757;9
1674;27;135757;9
1652;54;135757;9
1666;54;135757;9
1661;32;135757;9
1659;41;32787;2
1666;27;245916;5
1663;81;245916;5
1666;81;245916;5
1662;31;245916;5
1668;50;135757;4
1667;11;135757;4
1661;31;135757;4
1662;15;135757;4
1669;35;135757;4
1665;38;135757;4
1671;27;135757;4
1669;41;135757;4
1668;51;135757;3
1687;50;135757;3
1667;49;135757;3
1668;49;135757;3
1668;11;135757;3
1668;60;135757;3
1668;63;135757;3
1687;13;135757;3
1672;338;135757;3
1668;44;135757;3
1672;71;135757;3
1674;57;135757;3
1674;16;135757;3
1671;29;135757;3
1666;21;135757;3
1671;21;135757;3
1686;38;135757;3
1686;38;135757;3
1666;28;135757;3
1669;18;245916;5
1659;16;32787;2
1660;29;32787;2
1659;29;32787;2
1659;28;32787;2
1659;26;32787;2
1659;77;32787;2
1659;18;32787;2
1660;18;32787;2
1659;277;32787;2
1654;16;21164;7
1658;29;21164;7
1658;90;21164;7
1658;91;21164;7
1675;28;21164;7
1675;28;21164;7
1675;22;21164;7
1658;22;21164;7
1658;22;21164;7
1676;277;21164;7
1675;98;21164;7
1658;18;21164;7
1672;23;135757;9
1669;18;135757;9
1672;18;135757;9
1685;16;135757;9
1678;16;135757;9
1680;28;135757;9
1678;28;135757;9
1686;28;135757;9
1669;29;135757;9
1678;277;135757;9
1686;277;135757;9
1686;112;135757;9
1674;40;135757;9
1663;40;135757;9
1669;35;135757;9
1672;35;135757;9
1659;22;32787;2
1660;16;32787;2
1660;16;32787;2
1660;16;32787;2
1660;16;32787;2
1675;25;21164;7
1663;68;135757;3
1687;112;135757;9
1701;23;135757;9
1698;21;135757;9
1710;83;135757;9
1699;22;135757;9
1712;31;135757;9
1712;31;135757;9
1692;54;135757;9
1693;54;135757;9
1706;67;135757;3
1708;15;135757;4
1706;107;135757;4
1710;31;135757;4
1706;43;135757;9
1691;25;135757;9
1717;16;135757;9
1719;16;135757;9
1706;16;135757;9
1714;19;135757;9
1707;26;135757;9
1710;27;135757;9
1695;28;135757;9
1707;28;135757;9
1719;52;135757;9
1710;56;135757;9
1719;66;135757;9
1700;85;135757;9
1712;40;135757;3
1715;19;135757;3
1708;28;135757;3
1719;81;245916;5
1712;19;245916;5
1708;21;245916;5
1712;27;245916;5
1706;31;245916;5
1715;80;245916;5
1708;77;245916;5
1712;85;245916;5
1703;16;32787;2
1703;28;32787;2
1703;26;32787;2
1696;32;32787;2
1711;11;135757;4
1708;38;135757;4
1718;35;135757;4
1710;27;135757;4
1706;64;135757;3
1701;44;135757;3
1701;68;135757;3
1701;42;135757;3
1701;57;135757;3
1707;21;135757;3
1697;21;135757;3
1718;51;135757;3
1719;50;135757;3
1719;49;135757;3
1702;11;135757;3
1718;11;135757;3
1706;60;135757;3
1706;63;135757;3
1706;13;135757;3
1701;338;135757;3
1707;16;135757;3
1707;29;135757;3
1708;38;135757;3
1694;50;32787;2
1703;277;32787;2
1703;93;32787;2
1703;52;32787;2
1764;50;135757;4
1764;49;135757;4
1759;35;135757;4
1762;37;135757;4
1741;27;135757;4
1733;51;135757;3
1764;50;135757;3
1733;49;135757;3
1733;11;135757;3
1737;31;135757;3
1759;61;135757;3
1733;13;135757;3
1760;338;135757;3
1760;44;135757;3
1736;68;135757;3
1760;42;135757;3
1740;57;135757;3
1736;40;135757;3
1734;19;135757;3
1751;16;135757;3
1746;29;135757;3
1756;21;135757;3
1747;21;135757;3
1741;38;135757;3
1746;28;135757;3
1736;43;245916;5
1736;43;245916;5
1734;18;245916;5
1741;19;245916;5
1747;19;245916;5
1746;22;245916;5
1763;24;245916;5
1740;21;245916;5
1751;27;245916;5
1741;85;245916;5
1737;80;245916;5
1737;31;245916;5
1737;112;135757;9
1736;23;135757;9
1735;25;135757;9
1736;18;135757;9
1735;16;135757;9
1725;19;135757;9
1731;19;135757;9
1734;19;135757;9
1746;26;135757;9
1724;27;135757;9
1730;27;135757;9
1740;21;135757;9
1746;28;135757;9
1748;28;135757;9
1723;29;135757;9
1729;29;135757;9
1736;83;135757;9
1734;83;135757;9
1734;32;135757;9
1762;93;135757;9
1736;31;135757;9
1746;56;135757;9
1746;22;135757;9
1747;22;135757;9
1737;86;135757;9
1748;86;135757;9
1722;54;135757;9
1728;54;135757;9
1736;54;135757;9
1746;277;135757;9
1747;277;135757;9
1746;52;135757;9
1746;52;135757;9
1759;34;135757;9
1726;85;135757;9
1732;85;135757;9
1743;16;32787;2
1757;16;32787;2
1757;41;32787;2
1749;29;32787;2
1743;29;32787;2
1743;84;32787;2
1743;28;32787;2
1749;32;32787;2
1749;93;32787;2
1743;18;32787;2
1749;18;32787;2
1743;118;32787;2
1749;22;32787;2
1750;86;21164;7
1721;21;21164;7
1727;21;21164;7
1750;25;21164;7
1773;81;245916;5
1773;19;245916;5
1773;80;245916;5
1771;19;135757;9
1766;84;135757;9
1766;24;245916;5
1766;26;135757;9
1769;47;135757;4
1767;41;135757;4
1767;35;135757;4
1767;37;135757;4
1771;27;135757;4
1773;18;245916;5
1773;27;245916;5
1767;31;245916;5
1767;31;245916;5
1772;16;32787;2
1772;16;32787;2
1770;41;32787;2
1770;29;32787;2
1770;29;32787;2
1770;32;32787;2
1770;26;32787;2
1765;50;32787;2
1770;93;32787;2
1772;18;32787;2
1770;19;32787;2
1770;52;32787;2
1766;23;135757;9
1773;18;135757;9
1771;16;135757;9
1771;16;135757;9
1766;19;135757;9
1767;28;135757;9
1767;28;135757;9
1774;85;135757;9
1768;51;135757;3
1768;49;135757;3
1769;64;135757;3
1768;13;135757;3
1769;44;135757;3
1768;49;135757;4
1795;49;135757;4
1799;27;135757;4
1774;38;135757;4
1792;35;135757;4
1792;37;135757;4
1791;31;245916;5
1791;31;245916;5
1791;23;245916;5
1802;43;245916;5
1789;81;245916;5
1804;18;245916;5
1791;19;245916;5
1797;22;245916;5
1790;24;245916;5
1792;21;245916;5
1792;27;245916;5
1805;85;245916;5
1774;80;245916;5
1801;51;135757;3
1768;50;135757;3
1769;49;135757;3
1768;11;135757;3
1795;11;135757;3
1798;31;135757;3
1795;47;135757;4
1790;31;135757;4
1795;63;135757;3
1795;64;135757;3
1795;13;135757;3
1803;44;135757;3
1795;68;135757;3
1769;338;135757;3
1789;57;135757;3
1799;19;135757;3
1794;16;135757;3
1797;29;135757;3
1778;21;135757;3
1785;21;135757;3
1796;21;135757;3
1796;38;135757;3
1771;28;135757;3
1791;25;135757;9
1802;18;135757;9
1804;18;135757;9
1775;16;135757;9
1780;16;135757;9
1790;16;135757;9
1767;16;135757;9
1799;19;135757;9
1802;19;135757;9
1774;26;135757;9
1776;27;135757;9
1782;27;135757;9
1796;28;135757;9
1798;28;135757;9
1791;29;135757;9
1774;29;135757;9
1794;31;135757;9
1789;277;135757;9
1790;277;135757;9
1789;84;135757;9
1767;22;135757;9
1797;86;135757;9
1794;86;135757;9
1779;54;135757;9
1786;54;135757;9
1804;54;135757;9
1794;40;135757;9
1794;112;135757;9
1806;66;135757;9
1781;85;135757;9
1787;85;135757;9
1805;85;135757;9
1770;16;32787;2
1772;16;32787;2
1772;29;32787;2
1793;16;21164;7
1793;16;21164;7
1793;29;21164;7
1793;96;21164;7
1800;29;21164;7
1777;86;21164;7
1784;86;21164;7
1793;28;21164;7
1793;88;21164;7
1800;52;21164;7
1800;25;21164;7
1800;18;21164;7
1793;32;21164;7
1783;66;21164;7
1788;66;21164;7
1820;43;245916;5
1831;83;135757;9
1815;96;21164;7
1824;25;135757;9
1815;25;21164;7
1812;21;135757;9
1824;21;245916;5
1820;23;245916;5
1835;81;245916;5
1831;18;245916;5
1820;19;245916;5
1829;80;245916;5
1832;27;245916;5
1825;31;245916;5
1830;31;245916;5
1831;18;135757;9
1830;18;135757;9
1818;16;135757;9
1822;16;135757;9
1820;19;135757;9
1824;19;135757;9
1830;26;135757;9
1809;19;135757;9
1811;54;135757;9
1810;217;135757;9
1830;217;135757;9
1821;54;135757;9
1829;31;135757;9
1835;35;135757;9
1835;66;135757;9
1813;85;135757;9
1836;51;135757;3
1816;50;135757;3
1836;49;135757;3
1836;11;135757;3
1816;60;135757;3
1816;63;135757;3
1822;31;135757;3
1816;13;135757;3
1816;44;135757;3
1816;67;135757;3
1816;68;135757;3
1830;71;135757;3
1820;57;135757;3
1830;40;135757;3
1825;19;135757;3
1832;16;135757;3
1818;29;135757;3
1825;21;135757;3
1822;21;135757;3
1828;21;135757;3
1838;38;135757;3
1821;28;135757;3
1828;28;135757;9
1829;28;135757;9
1814;29;135757;9
1821;29;135757;9
1820;93;135757;9
1820;93;135757;9
1830;277;135757;9
1828;277;135757;9
1821;40;135757;9
1825;32;135757;9
1820;120;135757;9
1827;16;32787;2
1823;16;32787;2
1823;16;32787;2
1827;29;32787;2
1827;29;32787;2
1823;22;32787;2
1827;26;32787;2
1823;32;32787;2
1808;50;32787;2
1823;18;32787;2
1827;18;32787;2
1827;52;32787;2
1823;277;32787;2
1815;16;21164;7
1815;16;21164;7
1815;29;21164;7
1815;28;21164;7
1826;86;21164;7
1815;22;21164;7
1815;277;21164;7
1826;32;21164;7
1836;13;135757;4
1816;49;135757;4
1820;107;135757;4
1832;27;135757;4
1848;35;135757;4
1849;27;135757;4
1847;51;135757;3
1847;50;135757;3
1847;49;135757;3
1847;11;135757;3
1850;64;135757;3
1850;338;135757;3
1849;40;135757;3
1849;19;135757;3
1849;16;135757;3
1856;21;135757;3
1852;38;135757;3
1856;81;245916;5
1856;81;245916;5
1848;18;245916;5
1856;21;245916;5
1855;27;245916;5
1852;96;245916;5
1852;80;245916;5
1849;52;135757;9
1855;24;245916;5
1846;23;135757;9
1848;18;135757;9
1848;18;135757;9
1852;16;135757;9
1849;19;135757;9
1846;19;135757;9
1857;26;135757;9
1856;21;135757;9
1852;21;135757;9
1841;28;135757;9
1842;28;135757;9
1843;28;135757;9
1844;28;135757;9
1846;28;135757;9
1846;28;135757;9
1849;29;135757;9
1849;29;135757;9
1846;83;135757;9
1846;277;135757;9
1846;277;135757;9
1846;93;135757;9
1848;84;135757;9
1855;22;135757;9
1855;22;135757;9
1855;31;135757;9
1839;54;135757;9
1840;54;135757;9
1851;54;135757;9
1849;86;135757;9
1848;35;135757;9
1851;35;135757;9
1848;66;135757;9
1845;18;32787;2
1845;277;32787;2
1845;52;32787;2
1845;19;32787;2
1845;22;32787;2
1854;32;32787;2
1845;26;32787;2
1853;29;32787;2
1845;29;32787;2
1845;41;32787;2
1853;16;32787;2
1853;16;32787;2
1855;31;135757;4
1856;31;135757;4
1856;27;135757;4
1858;35;135757;4
1859;38;135757;4
1857;23;245916;5
1860;23;245916;5
1857;43;245916;5
1857;31;245916;5
1857;31;245916;5
1851;18;245916;5
1860;19;245916;5
1857;22;245916;5
1860;24;245916;5
1857;96;245916;5
1859;21;245916;5
1859;31;135757;4
1857;27;135757;4
1857;27;135757;4
1870;35;135757;4
1871;38;135757;4
1872;23;245916;5
1875;23;245916;5
1867;43;245916;5
1864;31;245916;5
1867;31;245916;5
1864;31;245916;5
1867;31;245916;5
1858;18;245916;5
1858;18;245916;5
1875;19;245916;5
1871;22;245916;5
1864;81;245916;5
1872;81;245916;5
1872;24;245916;5
1860;96;245916;5
1871;21;245916;5
1864;27;245916;5
1871;80;245916;5
1878;85;245916;5
1864;23;135757;9
1867;23;135757;9
1873;25;135757;9
1851;18;135757;9
1868;18;135757;9
1851;18;135757;9
1868;18;135757;9
1862;16;135757;9
1879;16;135757;9
1871;16;135757;9
1875;19;135757;9
1878;21;135757;9
1878;21;135757;9
1876;19;135757;9
1880;28;135757;9
1879;28;135757;9
1864;29;135757;9
1860;29;135757;9
1882;83;135757;9
1858;83;135757;9
1871;277;135757;9
1873;277;135757;9
1881;54;135757;9
1869;54;135757;9
1859;86;135757;9
1860;86;135757;9
1871;40;135757;9
1871;40;135757;9
1868;35;135757;9
1869;35;135757;9
1848;66;135757;9
1865;85;135757;9
1878;85;135757;9
1863;16;21164;7
1861;16;21164;7
1863;29;21164;7
1863;96;21164;7
1869;29;0;277
1861;86;21164;7
1863;25;21164;7
1874;28;21164;7
1861;19;21164;7
1866;22;21164;7
1874;22;21164;7
1863;52;21164;7
1874;32;21164;7
1877;66;21164;7
1861;18;21164;7
1863;277;21164;7
1845;16;32787;2
1854;16;32787;2
1883;16;135757;9
1858;27;135757;9
1904;43;245916;5
1900;25;135757;9
1870;66;135757;9
1869;83;135757;9
1879;83;135757;9
1873;52;135757;9
1889;52;32787;2
1874;25;21164;7
1874;84;21164;7
1874;120;21164;7
1850;67;135757;3
1907;367;245916;5
1890;31;245916;5
1895;31;245916;5
1875;26;135757;9
1906;27;135757;9
1895;31;135757;3
1895;31;135757;9
1874;96;21164;7
1889;41;32787;2
1893;26;32787;2
1892;86;21164;7
1858;24;245916;5
1858;23;135757;9
1899;19;135757;9
1897;19;135757;9
1869;19;245916;5
1897;19;135757;3
1903;217;135757;9
1901;217;135757;9
1890;54;135757;9
1870;18;245916;5
1891;18;245916;5
1854;320;32787;2
1894;93;32787;2
1893;32;32787;2
1889;77;32787;2
1882;15;135757;4
1870;35;135757;4
1882;27;135757;4
1847;51;135757;3
1891;81;245916;5
1873;21;245916;5
1875;21;245916;5
1878;27;245916;5
1902;27;245916;5
1901;80;245916;5
1870;18;135757;9
1870;18;135757;9
1896;16;135757;9
1890;16;135757;9
1896;27;135757;9
1901;28;135757;9
1902;28;135757;9
1882;93;135757;9
1895;277;135757;9
1882;277;135757;9
1890;35;135757;9
1891;35;135757;9
1847;50;135757;3
1847;49;135757;3
1847;11;135757;3
1850;63;135757;3
1850;13;135757;3
1850;44;135757;3
1850;68;135757;3
1896;71;135757;3
1902;57;135757;3
1896;40;135757;9
1897;16;135757;3
1901;29;135757;3
1905;21;135757;3
1898;38;135757;3
1889;16;32787;2
1889;16;32787;2
1889;16;32787;2
1893;16;32787;2
1893;16;32787;2
1894;29;32787;2
1894;29;32787;2
1889;28;32787;2
1889;18;32787;2
1889;18;32787;2
1893;22;32787;2
1931;367;245916;5
1924;67;135757;3
1868;43;245916;5
1898;85;245916;5
1908;95;32787;2
1905;117;135757;9
1891;83;135757;9
1891;83;135757;9
1870;40;135757;9
1912;66;135757;9
1912;66;135757;9
1914;25;21164;7
1915;23;135757;9
1911;21;135757;9
1898;21;245916;5
1915;80;245916;5
1892;52;21164;7
1908;41;32787;2
1904;217;135757;9
1918;19;135757;9
1918;19;135757;9
1920;32;135757;9
1926;22;135757;9
1901;42;135757;4
1912;35;135757;4
1905;27;135757;4
1902;81;245916;5
1913;18;245916;5
1911;19;245916;5
1882;22;245916;5
1913;24;245916;5
1921;27;245916;5
1915;31;245916;5
1928;368;245916;5
1913;18;135757;9
1913;18;135757;9
1918;16;135757;9
1902;16;135757;9
1921;28;135757;9
1921;28;135757;9
1904;93;135757;9
1911;93;135757;9
1920;277;135757;9
1918;277;135757;9
1922;16;135757;9
1923;28;135757;9
1927;29;135757;9
1919;54;135757;9
1904;54;135757;9
1848;35;135757;9
1913;35;135757;9
1917;16;32787;2
1917;16;32787;2
1917;16;32787;2
1917;16;32787;2
1917;29;32787;2
1908;29;32787;2
1908;22;32787;2
1908;26;32787;2
1908;32;32787;2
1917;18;32787;2
1908;18;32787;2
1908;19;32787;2
1917;277;32787;2
1909;51;135757;3
1909;50;135757;3
1909;49;135757;3
1909;11;135757;3
1915;31;135757;3
1909;13;135757;3
1924;44;135757;3
1929;68;135757;3
1930;68;135757;3
1915;71;135757;3
1918;57;135757;3
1910;40;135757;3
1911;19;135757;3
1920;16;135757;3
1920;16;135757;3
1921;29;135757;3
1910;21;135757;3
1925;21;135757;3
1910;38;135757;3
1914;16;21164;7
1914;16;21164;7
1892;29;21164;7
1892;88;21164;7
1914;22;21164;7
1914;277;21164;7
1914;32;21164;7
1916;66;21164;7
1892;18;21164;7
1892;18;21164;7
1958;368;245916;5
1957;25;135757;9
1934;83;135757;9
1934;217;135757;9
1934;217;135757;9
1920;120;135757;9
1913;277;135757;3
1942;86;21164;7
1943;96;21164;7
1951;21;245916;5
1943;84;21164;7
1945;80;245916;5
1932;52;21164;7
1946;31;135757;4
1952;25;135757;4
1938;37;135757;4
1936;35;135757;4
1946;27;135757;4
1940;51;135757;3
1940;50;135757;3
1954;49;135757;3
1940;11;135757;3
1941;63;135757;3
1941;64;135757;3
1947;31;135757;3
1940;13;135757;3
1941;44;135757;3
1947;44;135757;3
1941;67;135757;3
1959;68;135757;3
1952;71;135757;3
1947;57;135757;3
1945;40;135757;3
1938;19;135757;3
1955;16;135757;3
1951;29;135757;3
1950;21;135757;3
1945;81;245916;5
1941;31;245916;5
1952;18;245916;5
1938;19;245916;5
1938;22;245916;5
1950;27;245916;5
1941;23;135757;9
1946;18;135757;9
1946;18;135757;9
1956;16;135757;9
1938;16;135757;9
1939;19;135757;9
1938;19;135757;9
1934;26;135757;9
1952;27;135757;9
1953;27;135757;9
1935;28;135757;9
1938;28;135757;9
1945;28;135757;9
1946;29;135757;9
1946;29;135757;9
1941;31;135757;9
1945;93;135757;9
1948;54;135757;9
1941;54;135757;9
1946;35;135757;9
1936;66;135757;9
1936;66;135757;9
1933;16;32787;2
1933;16;32787;2
1949;16;32787;2
1933;16;32787;2
1933;41;32787;2
1949;29;32787;2
1933;29;32787;2
1949;32;32787;2
1937;50;32787;2
1933;18;32787;2
1933;18;32787;2
1933;77;32787;2
1932;16;21164;7
1943;16;21164;7
1943;29;21164;7
1914;28;21164;7
1932;19;21164;7
1943;22;21164;7
1944;22;21164;7
1932;25;21164;7
1932;277;21164;7
1944;378;21164;7
1943;32;21164;7
1932;18;21164;7
1932;18;21164;7
1967;50;135757;4
1969;38;135757;4
1966;35;135757;4
1977;27;135757;4
1940;51;135757;3
1967;50;135757;3
1967;49;135757;3
1975;11;135757;3
1976;11;135757;3
1971;31;135757;3
1967;13;135757;3
1971;338;135757;3
1962;44;135757;3
1985;68;135757;3
1981;71;135757;3
1978;57;135757;3
1969;40;135757;3
1971;40;135757;3
1974;19;135757;3
1978;16;135757;3
1977;29;135757;3
1969;21;135757;3
1973;21;135757;3
1969;81;245916;5
1970;81;245916;5
1969;21;245916;5
1978;27;245916;5
1981;18;245916;5
1951;19;245916;5
1962;19;245916;5
1983;85;245916;5
1986;368;245916;5
1987;368;245916;5
1962;23;135757;9
1969;25;135757;9
1969;25;135757;9
1977;18;135757;9
1984;18;135757;9
1979;16;135757;9
1974;19;135757;9
1974;19;135757;9
1951;26;135757;9
1972;21;135757;9
1963;28;135757;9
1962;28;135757;9
1962;28;135757;9
1981;29;135757;9
1970;29;135757;9
1962;83;135757;9
1962;83;135757;9
1971;93;135757;9
1971;277;135757;9
1981;277;135757;9
1977;86;135757;9
1977;86;135757;9
1968;54;135757;9
1966;35;135757;9
1966;66;135757;9
1969;32;135757;9
1969;32;135757;9
1949;16;32787;2
1964;16;32787;2
1964;16;32787;2
1949;16;32787;2
1949;16;32787;2
1949;16;32787;2
1949;16;32787;2
1982;41;32787;2
1964;29;32787;2
1964;29;32787;2
1982;32;32787;2
1964;93;32787;2
1933;18;32787;2
1964;277;32787;2
1982;95;32787;2
1961;16;21164;7
1965;16;21164;7
1965;29;21164;7
1965;29;21164;7
1965;96;21164;7
1961;88;21164;7
1961;86;21164;7
1961;28;21164;7
1961;28;21164;7
1961;22;21164;7
1965;32;21164;7
1980;277;21164;7
1965;18;21164;7
1961;18;21164;7
1980;25;21164;7
1998;31;135757;4
1988;37;135757;4
1988;35;135757;4
2002;35;135757;4
1998;27;135757;4
1999;51;135757;3
1999;49;135757;3
1999;49;135757;3
1996;64;135757;3
1996;67;135757;3
1991;40;135757;3
1998;16;135757;3
2003;21;135757;3
1996;81;245916;5
1991;85;245916;5
1998;19;245916;5
2003;21;245916;5
1991;27;245916;5
1997;80;245916;5
1996;23;135757;9
1991;25;135757;9
1988;18;135757;9
1995;18;135757;9
2000;16;135757;9
1998;16;135757;9
1998;19;135757;9
2000;19;135757;9
1995;26;135757;9
1994;27;135757;9
1997;28;135757;9
1997;28;135757;9
1988;29;135757;9
2003;29;135757;9
1995;93;135757;9
2003;31;135757;9
1991;31;135757;9
1997;22;135757;9
1998;22;135757;9
2003;86;135757;9
1988;54;135757;9
1995;277;135757;9
1991;40;135757;9
2001;35;135757;9
1988;66;135757;9
1988;66;135757;9
1993;54;135757;9
1992;16;32787;2
1989;16;32787;2
1992;16;32787;2
1989;16;32787;2
1992;16;32787;2
1992;16;32787;2
1992;16;32787;2
1992;16;32787;2
1992;16;32787;2
1989;29;32787;2
1996;59;135757;4
1989;28;32787;2
1989;26;32787;2
1992;32;32787;2
1989;77;32787;2
1990;50;32787;2
1989;93;32787;2
1989;18;32787;2
1989;18;32787;2
1989;22;32787;2
2012;50;135757;4
2014;42;135757;4
2011;35;135757;4
2010;27;135757;4
2012;51;135757;3
2012;50;135757;3
2012;49;135757;3
2012;11;135757;3
2008;31;135757;3
2020;13;135757;3
2025;44;135757;3
2022;68;135757;3
2022;71;135757;3
2006;57;135757;3
2006;40;135757;3
2010;19;135757;3
2014;16;135757;3
2008;29;135757;3
2015;21;135757;3
2010;81;245916;5
2014;81;245916;5
2011;18;245916;5
2008;19;245916;5
2015;27;245916;5
2024;368;245916;5
2021;85;245916;5
2010;80;245916;5
2006;23;135757;9
2021;25;135757;9
2021;25;135757;9
2011;18;135757;9
2011;18;135757;9
2014;16;135757;9
2006;16;135757;9
2017;16;135757;9
2010;19;135757;9
2016;19;135757;9
2021;21;135757;9
2008;28;135757;9
2008;28;135757;9
2006;83;135757;9
2006;83;135757;9
2006;52;135757;9
2015;93;135757;9
2015;93;135757;9
2014;217;135757;9
2014;217;135757;9
2010;54;135757;9
2013;54;135757;9
2010;277;135757;9
2007;35;135757;9
2007;66;135757;9
2023;29;135757;9
2005;16;32787;2
2005;16;32787;2
2005;16;32787;2
2005;16;32787;2
2009;16;32787;2
2009;16;32787;2
2009;16;32787;2
2005;16;32787;2
2005;16;32787;2
2009;16;32787;2
2018;41;32787;2
2005;29;32787;2
2009;29;32787;2
2009;32;32787;2
2009;93;32787;2
2005;18;32787;2
2005;18;32787;2
2009;95;32787;2
2009;22;32787;2
2009;277;32787;2
2004;16;21164;7
2004;16;21164;7
2019;29;21164;7
2019;96;21164;7
2004;88;21164;7
2004;277;21164;7
2004;86;21164;7
2004;28;21164;7
2019;25;21164;7
2004;22;21164;7
2004;32;21164;7
2004;18;21164;7
2045;81;245916;5
2026;85;245916;5
2042;21;245916;5
2043;368;245916;5
2040;80;245916;5
2040;40;135757;9
2026;66;135757;9
2027;95;32787;2
2030;96;21164;7
2037;57;135757;3
2037;217;135757;9
2033;217;135757;9
2028;86;21164;7
2038;54;135757;9
2032;19;135757;9
2041;64;135757;3
2037;31;135757;9
2042;26;135757;9
2041;26;135757;9
2042;19;135757;3
2027;26;32787;2
2031;77;32787;2
2033;54;135757;9
2042;22;135757;9
2042;27;245916;5
2036;27;135757;9
2041;22;245916;5
2028;32;21164;7
2030;32;21164;7
2026;66;135757;9
2026;66;135757;9
2041;31;135757;3
2029;11;135757;3
2027;93;32787;2
2027;93;32787;2
2044;16;135757;9
2041;93;135757;9
2040;93;135757;9
2045;13;135757;3
2031;18;245916;5
2026;18;135757;9
2026;35;135757;4
2026;41;135757;4
2029;51;135757;3
2029;50;135757;3
2029;49;135757;3
2041;44;135757;3
2045;68;135757;3
2037;71;135757;3
2037;40;135757;3
2040;16;135757;3
2043;29;135757;3
2033;21;135757;3
2040;27;135757;9
2043;21;135757;9
2040;28;135757;9
2037;28;135757;9
2034;29;135757;9
2035;29;135757;9
2026;35;135757;9
2041;277;135757;9
2031;16;32787;2
2031;16;32787;2
2027;16;32787;2
2027;16;32787;2
2027;16;32787;2
2027;16;32787;2
2031;16;32787;2
2031;16;32787;2
2031;16;32787;2
2027;29;32787;2
2027;28;32787;2
2027;18;32787;2
2027;18;32787;2
2030;16;21164;7
2028;16;21164;7
2030;16;21164;7
2028;16;21164;7
2028;29;21164;7
2028;88;21164;7
2030;22;21164;7
2030;26;21164;7
2028;18;21164;7
2028;18;21164;7
2064;42;135757;4
2053;31;135757;4
2065;25;135757;4
2058;27;135757;4
2050;51;135757;3
2049;50;135757;3
2049;49;135757;3
2050;11;135757;3
2049;64;135757;3
2066;31;135757;3
2050;13;135757;3
2048;338;135757;3
2053;67;135757;3
2067;68;135757;3
2067;71;135757;3
2066;57;135757;3
2058;40;135757;3
2066;19;135757;3
2065;16;135757;3
2058;29;135757;3
2064;21;135757;3
2062;38;135757;3
2067;81;245916;5
2062;85;245916;5
2057;18;245916;5
2057;19;245916;5
2048;19;245916;5
2058;27;245916;5
2069;368;245916;5
2058;80;245916;5
2047;23;135757;9
2053;23;135757;9
2062;25;135757;9
2057;18;135757;9
2068;18;135757;9
2059;16;135757;9
2053;16;135757;9
2048;19;135757;9
2047;19;135757;9
2063;21;135757;9
2061;28;135757;9
2060;29;135757;9
2048;83;135757;9
2067;31;135757;9
2067;31;135757;9
2059;93;135757;9
2065;277;135757;9
2058;277;135757;9
2053;217;135757;9
2053;217;135757;9
2070;54;135757;9
2047;54;135757;9
2053;32;135757;9
2047;40;135757;9
2057;35;135757;9
2057;66;135757;9
2057;66;135757;9
2054;16;32787;2
2054;16;32787;2
2051;16;32787;2
2051;16;32787;2
2054;16;32787;2
2054;16;32787;2
2054;16;32787;2
2054;16;32787;2
2054;41;32787;2
2051;29;32787;2
2054;29;32787;2
2054;32;32787;2
2055;50;32787;2
2054;93;32787;2
2051;18;32787;2
2051;18;32787;2
2054;277;32787;2
2071;16;21164;7
2046;16;21164;7
2046;29;21164;7
2046;96;21164;7
2046;88;21164;7
2046;120;21164;7
2046;22;21164;7
2056;25;21164;7
2056;378;21164;7
2056;32;21164;7
2052;66;21164;7
2046;18;21164;7
2046;277;21164;7
2092;85;245916;5
2096;368;245916;5
2078;80;245916;5
2083;31;135757;3
2083;44;135757;3
2088;57;135757;3
2087;40;135757;3
2087;40;135757;3
2088;23;135757;9
2078;31;135757;9
2083;83;135757;9
2073;66;135757;9
2073;66;135757;9
2072;96;21164;7
2084;66;21164;7
2078;27;135757;4
2089;51;135757;3
2079;50;135757;3
2089;49;135757;3
2079;49;135757;3
2089;13;135757;3
2091;338;135757;3
2095;68;135757;3
2078;71;135757;3
2087;40;135757;3
2078;19;135757;3
2085;16;135757;3
2085;29;135757;3
2092;21;135757;3
2093;38;135757;3
2082;81;245916;5
2073;18;245916;5
2078;19;245916;5
2078;22;245916;5
2094;27;245916;5
2094;18;135757;9
2073;18;135757;9
2094;16;135757;9
2087;19;135757;9
2088;19;135757;9
2078;26;135757;9
2088;21;135757;9
2087;28;135757;9
2087;28;135757;9
2083;29;135757;9
2085;29;135757;9
2087;22;135757;9
2090;54;135757;9
2077;27;135757;9
2081;54;135757;9
2087;93;135757;9
2088;93;135757;9
2087;40;135757;9
2090;86;135757;9
2088;86;135757;9
2085;52;135757;9
2075;16;32787;2
2075;16;32787;2
2074;16;32787;2
2074;16;32787;2
2075;16;32787;2
2075;16;32787;2
2075;16;32787;2
2075;16;32787;2
2074;29;32787;2
2075;29;32787;2
2074;26;32787;2
2086;32;32787;2
2075;93;32787;2
2074;18;32787;2
2074;18;32787;2
2075;19;32787;2
2075;277;32787;2
2076;16;21164;7
2072;16;21164;7
2076;29;21164;7
2072;88;21164;7
2076;414;21164;7
2076;86;21164;7
2072;28;21164;7
2072;22;21164;7
2072;277;21164;7
2080;25;21164;7
2072;18;21164;7
2072;18;21164;7
2098;42;135757;4
2127;35;135757;4
2104;27;135757;4
2112;51;135757;3
2112;49;135757;3
2141;11;135757;3
2141;64;135757;3
2118;338;135757;3
2098;40;135757;3
2106;16;135757;3
2098;21;135757;3
2106;81;245916;5
2098;19;245916;5
2098;24;245916;5
2098;21;245916;5
2104;23;135757;9
2106;25;135757;9
2098;25;135757;9
2104;18;135757;9
2106;18;135757;9
2103;16;135757;9
2098;16;135757;9
2098;19;135757;9
2104;26;135757;9
2142;28;135757;9
2098;28;135757;9
2103;277;135757;9
2098;277;135757;9
2104;31;135757;9
2104;31;135757;9
2101;29;135757;9
2099;54;135757;9
2104;54;135757;9
2104;93;135757;9
2127;35;135757;9
2143;66;135757;9
2103;217;135757;9
2097;16;32787;2
2097;16;32787;2
2111;16;32787;2
2111;16;32787;2
2111;16;32787;2
2097;16;32787;2
2097;16;32787;2
2097;16;32787;2
2097;29;32787;2
2097;26;32787;2
2111;32;32787;2
2097;93;32787;2
2097;18;32787;2
2097;18;32787;2
2112;50;135757;4
2113;31;135757;4
2116;27;135757;4
2114;35;135757;4
2112;51;135757;3
2112;50;135757;3
2141;49;135757;3
2118;11;135757;3
2118;60;135757;3
2142;31;135757;3
2112;13;135757;3
2118;67;135757;3
2142;68;135757;3
2142;338;135757;3
2121;57;135757;3
2121;71;135757;3
2119;40;135757;3
2115;25;135757;3
2113;19;135757;3
2115;16;135757;3
2116;29;135757;3
2113;21;135757;3
2126;38;135757;3
2114;37;135757;3
2125;81;245916;5
2113;96;245916;5
2127;18;245916;5
2114;19;245916;5
2145;22;245916;5
2119;24;245916;5
2121;21;245916;5
2116;27;245916;5
2119;27;245916;5
2145;368;245916;5
2126;85;245916;5
2113;80;245916;5
2119;23;135757;9
2120;25;135757;9
2145;18;135757;9
2128;18;135757;9
2117;16;135757;9
2116;16;135757;9
2113;16;135757;9
2113;19;135757;9
2115;19;135757;9
2119;26;135757;9
2124;28;135757;9
2144;28;135757;9
2119;29;135757;9
2121;83;135757;9
2121;83;135757;9
2114;93;135757;9
2114;22;135757;9
2121;86;135757;9
2129;54;135757;9
2127;54;135757;9
2124;31;135757;9
2114;277;135757;9
2114;277;135757;9
2119;40;135757;9
2114;40;135757;9
2143;66;135757;9
2143;66;135757;9
2114;66;135757;9
2111;16;32787;2
2111;29;32787;2
2109;16;21164;7
2109;16;21164;7
2109;29;21164;7
2109;96;21164;7
2109;88;21164;7
2135;86;21164;7
2135;22;21164;7
2136;25;21164;7
2109;56;21164;7
2135;66;21164;7
2109;18;21164;7
2109;412;21164;7
2110;21;21164;7
2168;411;135757;4
2151;25;135757;4
2151;35;135757;4
2155;27;135757;4
2168;51;135757;3
2152;50;135757;3
2152;49;135757;3
2152;11;135757;3
2155;31;135757;3
2168;13;135757;3
2155;67;135757;3
2170;68;135757;3
2155;42;135757;3
2149;71;135757;3
2168;57;135757;3
2149;40;135757;3
2154;19;135757;3
2149;16;135757;3
2149;29;135757;3
2168;21;135757;3
2168;38;135757;3
2170;81;245916;5
2166;85;245916;5
2171;18;245916;5
2155;19;245916;5
2162;19;245916;5
2154;22;245916;5
2155;22;245916;5
2161;24;245916;5
2155;27;245916;5
2155;31;245916;5
2164;80;245916;5
2168;367;245916;5
2168;367;245916;5
2154;23;135757;9
2164;25;135757;9
2166;25;135757;9
2151;18;135757;9
2164;18;135757;9
2153;16;135757;9
2154;16;135757;9
2161;19;135757;9
2161;19;135757;9
2149;26;135757;9
2155;27;135757;9
2162;27;135757;9
2154;28;135757;9
2154;28;135757;9
2149;83;135757;9
2149;83;135757;9
2162;93;135757;9
2155;93;135757;9
2158;93;35509;343
2155;31;135757;9
2167;21;135757;9
2169;29;135757;9
2148;83;135757;9
2163;54;135757;9
2151;54;135757;9
2149;32;135757;9
2161;217;135757;9
2171;341;135757;9
2168;35;135757;9
2171;66;135757;9
2146;16;32787;2
2146;16;32787;2
2146;16;32787;2
2146;16;32787;2
2146;16;32787;2
2165;16;32787;2
2146;16;32787;2
2146;16;32787;2
2146;16;32787;2
2146;41;32787;2
2146;29;32787;2
2165;29;32787;2
2146;26;32787;2
2157;50;32787;2
2165;93;32787;2
2146;18;32787;2
2146;18;32787;2
2146;95;32787;2
2165;22;32787;2
2165;277;32787;2
2147;16;21164;7
2147;16;21164;7
2147;29;21164;7
2147;96;21164;7
2147;412;21164;7
2147;412;21164;7
2147;19;21164;7
2147;86;21164;7
2147;25;21164;7
2158;66;21164;7
2147;18;21164;7
2175;50;135757;4
2181;41;135757;4
2175;27;135757;4
2181;80;245916;5
2175;51;135757;3
2175;49;135757;3
2175;64;135757;3
2181;40;135757;3
2177;16;135757;3
2181;18;135757;9
2175;18;135757;9
2179;16;135757;9
2176;16;135757;9
2177;19;135757;9
2181;19;135757;9
2176;27;135757;9
2181;21;135757;9
2181;21;135757;9
2176;28;135757;9
2176;28;135757;9
2177;29;135757;9
2177;29;135757;9
2180;54;135757;9
2176;54;135757;9
2181;217;135757;9
2177;93;135757;9
2177;93;135757;9
2176;35;135757;9
2181;40;135757;9
2174;16;32787;2
2174;16;32787;2
2178;16;32787;2
2174;16;32787;2
2174;16;32787;2
2174;16;32787;2
2174;16;32787;2
2178;16;32787;2
2178;29;32787;2
2178;29;32787;2
2178;32;32787;2
2178;93;32787;2
2174;18;32787;2
2174;18;32787;2
2174;19;32787;2
2178;22;32787;2
2186;35;135757;4
2184;27;135757;4
2188;51;135757;3
2187;50;135757;3
2197;49;135757;3
2188;11;135757;3
2188;11;135757;3
2187;64;135757;3
2196;31;135757;3
2197;13;135757;3
2187;338;135757;3
2187;44;135757;3
2187;67;135757;3
2196;68;135757;3
2187;71;135757;3
2192;40;135757;3
2185;19;135757;3
2192;16;135757;3
2193;29;135757;3
2193;21;135757;3
2185;81;245916;5
2185;81;245916;5
2186;85;245916;5
2186;18;245916;5
2186;22;245916;5
2184;27;245916;5
2192;96;245916;5
2184;80;245916;5
2186;367;245916;5
2184;23;135757;9
2192;25;135757;9
2186;18;135757;9
2186;18;135757;9
2194;16;135757;9
2184;16;135757;9
2186;16;135757;9
2184;19;135757;9
2184;19;135757;9
2184;26;135757;9
2184;27;135757;9
2186;27;135757;9
2193;28;135757;9
2193;28;135757;9
2185;29;135757;9
2193;29;135757;9
2184;31;135757;9
2185;54;135757;9
2185;217;135757;9
2185;86;135757;9
2186;93;35509;343
2187;93;135757;9
2196;93;135757;9
2193;40;135757;9
2185;35;135757;9
2183;16;32787;2
2183;16;32787;2
2191;16;32787;2
2191;16;32787;2
2191;16;32787;2
2183;16;32787;2
2191;16;32787;2
2191;16;32787;2
2191;41;32787;2
2183;29;32787;2
2183;28;32787;2
2183;32;32787;2
2199;50;32787;2
2183;18;32787;2
2183;18;32787;2
2191;95;32787;2
2191;22;32787;2
2200;16;21164;7
2189;16;21164;7
2189;96;21164;7
2189;29;21164;7
2189;86;21164;7
2200;25;21164;7
2189;22;21164;7
2189;412;21164;7
2189;412;21164;7
2200;66;21164;7
2189;18;21164;7
2189;18;21164;7
2214;50;135757;4
2221;42;135757;4
2216;27;135757;4
2215;51;135757;3
2214;50;135757;3
2214;49;135757;3
2223;11;135757;3
2214;11;135757;3
2215;11;135757;3
2221;31;135757;3
2215;13;135757;3
2215;44;135757;3
2214;67;135757;3
2221;71;135757;3
2221;57;135757;3
2218;40;135757;3
2210;19;135757;3
2216;16;135757;3
2218;29;135757;3
2210;21;135757;3
2213;38;135757;3
2221;81;245916;5
2215;81;245916;5
2210;85;245916;5
2220;18;245916;5
2213;24;245916;5
2210;27;245916;5
2215;367;245916;5
2223;367;245916;5
2210;96;245916;5
2221;23;135757;9
2217;16;135757;9
2220;18;135757;9
2220;18;135757;9
2217;16;135757;9
2219;16;135757;9
2218;16;135757;9
2210;16;135757;9
2210;19;135757;9
2221;19;135757;9
2216;27;135757;9
2213;21;135757;9
2216;21;135757;9
2210;28;135757;9
2218;29;135757;9
2218;29;135757;9
2221;31;135757;9
2219;54;135757;9
2218;93;135757;9
2219;86;135757;9
2219;35;135757;9
2220;35;135757;9
2208;16;32787;2
2208;16;32787;2
2208;16;32787;2
2208;16;32787;2
2212;16;32787;2
2208;16;32787;2
2212;16;32787;2
2212;16;32787;2
2208;41;32787;2
2212;29;32787;2
2208;32;32787;2
2208;93;32787;2
2208;18;32787;2
2208;18;32787;2
2208;95;32787;2
2209;16;21164;7
2209;16;21164;7
2209;29;21164;7
2209;96;21164;7
2209;96;21164;7
2209;29;21164;7
2209;22;21164;7
2207;66;21164;7
2209;18;21164;7
2209;18;21164;7
2228;50;135757;4
2235;59;135757;4
2227;86;135757;4
2234;27;135757;4
2228;51;135757;3
2228;50;135757;3
2228;49;135757;3
2243;11;135757;3
2237;11;135757;3
2228;11;135757;3
2235;31;135757;3
2237;13;135757;3
2244;44;135757;3
2244;67;135757;3
2244;68;135757;3
2235;71;135757;3
2241;57;135757;3
2227;40;135757;3
2234;19;135757;3
2238;16;135757;3
2238;29;135757;3
2234;21;135757;3
2234;38;135757;3
2244;81;245916;5
2238;81;245916;5
2241;85;245916;5
2244;18;245916;5
2227;27;245916;5
2234;27;245916;5
2237;368;245916;5
2227;80;245916;5
2234;96;245916;5
2235;81;135757;9
2238;25;135757;9
2241;25;135757;9
2244;18;135757;9
2244;18;135757;9
2239;16;135757;9
2227;19;135757;9
2235;27;135757;9
2227;28;135757;9
2227;28;135757;9
2241;29;135757;9
2235;29;135757;9
2226;83;135757;9
2235;31;135757;9
2240;54;135757;9
2241;54;135757;9
2234;93;135757;9
2234;93;135757;9
2227;86;135757;9
2227;40;135757;9
2227;40;135757;9
2231;16;32787;2
2231;16;32787;2
2231;16;32787;2
2231;16;32787;2
2231;16;32787;2
2231;16;32787;2
2231;16;32787;2
2231;16;32787;2
2231;16;32787;2
2231;41;32787;2
2231;29;32787;2
2231;29;32787;2
2232;28;32787;2
2232;32;32787;2
2231;93;32787;2
2231;18;32787;2
2232;95;32787;2
2230;16;21164;7
2230;16;21164;7
2230;29;21164;7
2230;96;21164;7
2230;96;21164;7
2230;30;21164;7
2230;25;21164;7
2230;86;21164;7
2229;93;21164;7
2229;412;21164;7
2229;412;21164;7
2229;66;21164;7
2230;18;21164;7
2230;18;21164;7
2270;411;135757;4
2249;51;135757;3
2253;50;135757;3
2249;11;135757;3
2249;11;135757;3
2253;11;135757;3
2253;64;135757;3
2284;31;135757;3
2270;13;135757;3
2253;338;135757;3
2253;44;135757;3
2253;68;135757;3
2254;71;135757;3
2284;57;135757;3
2284;40;135757;3
2261;19;135757;3
2268;16;135757;3
2267;29;135757;3
2254;21;135757;3
2267;38;135757;3
2270;23;245916;5
2261;23;245916;5
2261;85;245916;5
2261;19;245916;5
2251;24;245916;5
2254;27;245916;5
2251;80;245916;5
2269;23;135757;9
2269;23;135757;9
2254;16;135757;9
2268;18;135757;9
2270;18;135757;9
2273;16;135757;9
2261;19;135757;9
2261;19;135757;9
2254;27;135757;9
2261;21;135757;9
2267;21;135757;9
2251;28;135757;9
2251;28;135757;9
2254;29;135757;9
2269;31;135757;9
2260;54;135757;9
2268;54;135757;9
2270;93;135757;9
2254;93;135757;9
2269;86;135757;9
2258;16;32787;2
2258;16;32787;2
2256;16;32787;2
2256;16;32787;2
2256;16;32787;2
2256;16;32787;2
2258;16;32787;2
2256;41;32787;2
2256;29;32787;2
2256;32;32787;2
2258;93;32787;2
2258;18;32787;2
2256;18;32787;2
2250;16;21164;7
2250;96;21164;7
2250;30;21164;7
2250;86;21164;7
2250;22;21164;7
2250;18;21164;7
2250;18;21164;7
2286;23;245916;5
2286;23;245916;5
2286;77;245916;5
2364;18;135757;9
2364;18;135757;9
2367;51;135757;3
2375;50;135757;3
2367;49;135757;3
2401;11;135757;3
2367;11;135757;3
2375;65;135757;3
2367;13;135757;3
2375;44;135757;3
2375;68;135757;3
2370;71;135757;3
2364;71;135757;3
2365;57;135757;3
2368;40;135757;3
2368;19;135757;3
2365;16;135757;3
2368;29;135757;3
2368;21;135757;3
2366;81;245916;5
2366;23;245916;5
2366;18;245916;5
2366;19;245916;5
2366;27;245916;5
2365;117;135757;9
2365;16;135757;9
2368;18;135757;9
2373;18;135757;9
2370;16;135757;9
2365;19;135757;9
2365;27;135757;9
2365;28;135757;9
2373;29;135757;9
2365;29;135757;9
2364;77;135757;9
2364;54;135757;9
2368;93;135757;9
2373;93;135757;9
2368;86;135757;9
2364;35;135757;9
2314;16;32787;2
2314;16;32787;2
2314;16;32787;2
2314;16;32787;2
2362;16;32787;2
2314;16;32787;2
2314;16;32787;2
2362;16;32787;2
2314;41;32787;2
2314;29;32787;2
2314;26;32787;2
2314;32;32787;2
2312;50;32787;2
2362;18;32787;2
2362;18;32787;2
2314;95;32787;2
2399;16;21164;7
2399;16;21164;7
2399;96;21164;7
2399;29;21164;7
2399;412;21164;7
2399;86;21164;7
2399;93;21164;7
2399;414;21164;7
2400;25;21164;7
2399;66;21164;7
2400;18;21164;7
2400;18;21164;7
2409;50;135757;4
2415;25;135757;4
2413;59;135757;4
2406;27;135757;4
2409;51;135757;3
2409;50;135757;3
2416;49;135757;3
2409;11;135757;3
2414;11;135757;3
2406;31;135757;3
2414;65;135757;3
2420;13;135757;3
2409;44;135757;3
2409;68;135757;3
2406;71;135757;3
2413;57;135757;3
2410;40;135757;3
2406;19;135757;3
2415;16;135757;3
2410;29;135757;3
2410;21;135757;3
2411;81;245916;5
2411;85;245916;5
2411;18;245916;5
2411;27;245916;5
2411;368;245916;5
2415;25;135757;9
2420;18;135757;9
2420;18;135757;9
2402;16;135757;9
2403;16;135757;9
2406;19;135757;9
2406;19;135757;9
2410;27;135757;9
2406;21;135757;9
2410;28;135757;9
2411;29;35509;343
2406;29;135757;9
2410;29;135757;9
2415;238;135757;9
2413;54;135757;9
2414;93;35509;343
2413;93;135757;9
2415;93;135757;9
2410;86;135757;9
2406;40;135757;9
2405;16;32787;2
2405;16;32787;2
2405;16;32787;2
2405;16;32787;2
2405;16;32787;2
2405;16;32787;2
2405;16;32787;2
2407;16;32787;2
2405;41;32787;2
2407;29;32787;2
2405;26;32787;2
2405;32;32787;2
2407;93;32787;2
2405;18;32787;2
2405;18;32787;2
2405;95;32787;2
2405;19;32787;2
2408;16;21164;7
2408;16;21164;7
2408;96;21164;7
2408;30;21164;7
2404;25;21164;7
2408;86;21164;7
2412;19;21164;7
2408;412;21164;7
2408;18;21164;7
2408;18;21164;7
2435;59;135757;4
2435;411;135757;4
2424;51;135757;3
2426;50;135757;3
2424;49;135757;3
2424;11;135757;3
2424;11;135757;3
2425;31;135757;3
2426;64;135757;3
2426;65;135757;3
2424;13;135757;3
2426;338;135757;3
2435;44;135757;3
2423;68;135757;3
2425;71;135757;3
2431;57;135757;3
2425;40;135757;3
2425;19;135757;3
2434;16;135757;3
2431;16;135757;3
2434;29;135757;3
2425;21;135757;3
2435;81;245916;5
2435;18;245916;5
2435;27;245916;5
2435;368;245916;5
2425;25;135757;9
2441;18;135757;9
2441;18;135757;9
2433;16;135757;9
2425;16;135757;9
2425;16;135757;9
2425;19;135757;9
2425;27;135757;9
2425;28;135757;9
2431;28;135757;9
2431;29;135757;9
2425;29;135757;9
2435;367;135757;9
2431;77;135757;9
2423;54;135757;9
2441;93;135757;9
2431;86;135757;9
2431;40;135757;9
2423;35;135757;9
2422;16;32787;2
2422;16;32787;2
2422;16;32787;2
2429;16;32787;2
2422;16;32787;2
2422;16;32787;2
2422;16;32787;2
2422;16;32787;2
2422;16;32787;2
2422;41;32787;2
2429;29;32787;2
2422;32;32787;2
2437;50;32787;2
2422;18;32787;2
2422;18;32787;2
2428;16;21164;7
2428;16;21164;7
2428;96;21164;7
2428;96;21164;7
2430;25;21164;7
2428;86;21164;7
2430;412;21164;7
2428;18;21164;7
2458;50;135757;4
2458;59;135757;4
2451;27;135757;4
2445;51;135757;3
2445;50;135757;3
2445;49;135757;3
2453;11;135757;3
2445;11;135757;3
2444;31;135757;3
2453;65;135757;3
2445;13;135757;3
2452;338;135757;3
2458;44;135757;3
2452;68;135757;3
2444;71;135757;3
2444;57;135757;3
2444;40;135757;3
2444;19;135757;3
2451;16;135757;3
2446;29;135757;3
2446;21;135757;3
2447;81;245916;5
2447;81;245916;5
2447;18;245916;5
2447;27;245916;5
2447;367;245916;5
2444;25;135757;9
2458;18;135757;9
2452;16;135757;9
2446;19;135757;9
2446;27;135757;9
2446;21;135757;9
2451;28;135757;9
2451;29;135757;9
2451;29;135757;9
2447;367;135757;9
2459;54;135757;9
2444;93;135757;9
2444;93;135757;9
2444;86;135757;9
2443;16;32787;2
2443;16;32787;2
2443;16;32787;2
2448;16;32787;2
2443;16;32787;2
2443;16;32787;2
2448;16;32787;2
2448;41;32787;2
2448;29;32787;2
2448;32;32787;2
2448;18;32787;2
2443;22;32787;2
2442;16;21164;7
2442;16;21164;7
2442;96;21164;7
2442;29;21164;7
2449;25;21164;7
2449;412;21164;7
2449;18;21164;7
2449;18;21164;7
2464;42;135757;4
2462;59;135757;4
2461;51;135757;3
2463;50;135757;3
2462;49;135757;3
2461;11;135757;3
2461;11;135757;3
2462;60;135757;3
2463;13;135757;3
2464;338;135757;3
2463;44;135757;3
2473;68;135757;3
2464;71;135757;3
2464;71;135757;3
2463;40;135757;3
2460;19;135757;3
2460;16;135757;3
2460;29;135757;3
2464;21;135757;3
2468;81;245916;5
2468;81;245916;5
2468;85;245916;5
2468;18;245916;5
2468;368;245916;5
2464;16;135757;9
2464;18;135757;9
2477;18;135757;9
2470;16;135757;9
2464;16;135757;9
2464;16;135757;9
2464;19;135757;9
2460;26;135757;9
2473;54;135757;9
2463;93;135757;9
2464;40;135757;9
2466;16;32787;2
2466;16;32787;2
2466;16;32787;2
2466;29;32787;2
2465;16;21164;7
2465;16;21164;7
2465;96;21164;7
2465;29;21164;7
2474;25;21164;7
2472;86;21164;7
2465;28;21164;7
2472;18;21164;7
2480;50;135757;4
2484;411;135757;4
2484;38;135757;4
2480;51;135757;3
2482;50;135757;3
2482;49;135757;3
2480;11;135757;3
2480;11;135757;3
2485;31;135757;3
2484;65;135757;3
2482;13;135757;3
2482;44;135757;3
2485;68;135757;3
2481;71;135757;3
2481;40;135757;3
2485;16;135757;3
2481;29;135757;3
2491;81;245916;5
2491;18;245916;5
2491;27;245916;5
2491;368;245916;5
2483;18;135757;9
2492;18;135757;9
2485;16;135757;9
2485;16;135757;9
2493;16;135757;9
2485;19;135757;9
2485;26;135757;9
2481;27;135757;9
2484;21;135757;9
2484;21;135757;9
2481;29;135757;9
2481;29;135757;9
2481;238;135757;9
2483;54;135757;9
2484;93;135757;9
2484;93;135757;9
2492;93;135757;9
2485;86;135757;9
2483;35;135757;9
2479;16;32787;2
2479;16;32787;2
2488;16;32787;2
2479;16;32787;2
2479;16;32787;2
2479;16;32787;2
2479;16;32787;2
2488;16;32787;2
2479;29;32787;2
2479;26;32787;2
2488;32;32787;2
2490;50;32787;2
2488;18;32787;2
2479;18;32787;2
2488;95;32787;2
2479;19;32787;2
2478;16;21164;7
2478;16;21164;7
2478;22;21164;7
2489;25;21164;7
2478;28;21164;7
2478;86;21164;7
2478;18;21164;7
2478;18;21164;7
2511;411;135757;4
2504;49;135757;4
2504;51;135757;3
2511;50;135757;3
2504;49;135757;3
2508;11;135757;3
2504;11;135757;3
2500;31;135757;3
2512;65;135757;3
2512;44;135757;3
2500;68;135757;3
2506;71;135757;3
2501;40;135757;3
2504;16;135757;3
2501;29;135757;3
2501;38;135757;3
2502;81;245916;5
2502;81;245916;5
2502;18;245916;5
2511;368;245916;5
2502;31;245916;5
2502;18;135757;9
2500;16;135757;9
2500;19;135757;9
2500;26;135757;9
2501;21;135757;9
2500;28;135757;9
2501;29;135757;9
2506;54;135757;9
2506;93;135757;9
2502;93;135757;9
2501;40;135757;9
2499;16;32787;2
2498;16;32787;2
2499;16;32787;2
2498;16;32787;2
2498;16;32787;2
2499;16;32787;2
2499;41;32787;2
2498;29;32787;2
2498;26;32787;2
2498;32;32787;2
2505;50;32787;2
2499;93;32787;2
2499;18;32787;2
2499;18;32787;2
2499;95;32787;2
2499;75;32787;2
2497;16;21164;7
2496;16;21164;7
2496;29;21164;7
2496;29;21164;7
2496;84;21164;7
2496;412;21164;7
2496;412;21164;7
2497;25;21164;7
2517;49;135757;4
2517;329;135757;4
2527;51;135757;3
2527;50;135757;3
2517;49;135757;3
2526;11;135757;3
2527;11;135757;3
2516;31;135757;3
2527;65;135757;3
2526;44;135757;3
2517;68;135757;3
2521;71;135757;3
2516;57;135757;3
2516;40;135757;3
2516;16;135757;3
2521;29;135757;3
2521;21;135757;3
2517;38;135757;3
2518;81;245916;5
2518;18;245916;5
2518;120;245916;5
2516;25;135757;9
2516;25;135757;9
2518;18;135757;9
2520;16;135757;9
2516;16;135757;9
2516;26;135757;9
2520;28;135757;9
2516;29;135757;9
2521;54;135757;9
2516;93;135757;9
2518;93;135757;9
2520;40;135757;9
2513;16;32787;2
2515;16;32787;2
2515;16;32787;2
2515;16;32787;2
2513;16;32787;2
2513;16;32787;2
2513;29;32787;2
2513;32;32787;2
2513;18;32787;2
2515;95;32787;2
2515;19;32787;2
2515;21;32787;2
2515;21;32787;2
2514;16;21164;7
2514;16;21164;7
2514;29;21164;7
2514;84;21164;7
2529;412;21164;7
2529;19;21164;7
2529;25;21164;7
2514;28;21164;7
2514;28;21164;7
2531;50;135757;4
2531;49;135757;4
2530;59;135757;4
2538;411;135757;4
2531;51;135757;3
2531;50;135757;3
2538;49;135757;3
2531;11;135757;3
2531;11;135757;3
2538;65;135757;3
2538;44;135757;3
2538;69;135757;3
2530;71;135757;3
2530;40;135757;3
2530;16;135757;3
2530;29;135757;3
2530;38;135757;3
2533;81;245916;5
2533;18;245916;5
2533;450;245916;5
2548;50;135757;4
2548;49;135757;4
2550;59;135757;4
2550;42;135757;4
2556;329;135757;4
2556;329;135757;4
2548;51;135757;3
2548;50;135757;3
2556;49;135757;3
2548;11;135757;3
2545;65;135757;3
2550;44;135757;3
2556;44;135757;3
2547;69;135757;3
2550;71;135757;3
2550;40;135757;3
2547;16;135757;3
2556;29;135757;3
2545;81;245916;5
2556;85;245916;5
2545;18;245916;5
2545;368;245916;5
2545;417;245916;5
2545;25;135757;9
2547;25;135757;9
2547;18;135757;9
2547;18;135757;9
2544;16;135757;9
2544;16;135757;9
2544;26;135757;9
2544;28;135757;9
2544;29;135757;9
2544;436;135757;9
2553;16;135757;9
2544;84;135757;9
2544;84;135757;9
2547;54;135757;9
2550;93;135757;9
2550;93;135757;9
2547;35;135757;9
2550;40;135757;9
2540;16;32787;2
2543;16;32787;2
2543;16;32787;2
2543;16;32787;2
2543;16;32787;2
2540;16;32787;2
2540;16;32787;2
2540;16;32787;2
2543;41;32787;2
2543;29;32787;2
2540;26;32787;2
2540;32;32787;2
2543;92;32787;2
2543;92;32787;2
2549;50;32787;2
2540;93;32787;2
2543;18;32787;2
2543;18;32787;2
2543;95;32787;2
2540;19;32787;2
2561;75;32787;2
2562;50;135757;4
2562;49;135757;4
2566;59;135757;4
2573;42;135757;4
2562;51;135757;3
2562;50;135757;3
2566;49;135757;3
2562;11;135757;3
2566;65;135757;3
2566;44;135757;3
2566;69;135757;3
2575;40;135757;3
2575;16;135757;3
2573;29;135757;3
2566;329;135757;4
2570;81;245916;5
2570;18;245916;5
2570;85;245916;5
2570;450;245916;5
2570;450;245916;5
2570;25;135757;9
2570;25;135757;9
2570;18;135757;9
2570;18;135757;9
2574;16;135757;9
2573;16;135757;9
2573;16;135757;9
2573;26;135757;9
2573;21;135757;9
2573;28;135757;9
2573;93;135757;9
2573;93;135757;9
2575;54;135757;9
2575;40;135757;9
2573;436;135757;9
2578;16;32787;2
2578;16;32787;2
2578;16;32787;2
2578;16;32787;2
2576;16;32787;2
2578;16;32787;2
2576;16;32787;2
2578;41;32787;2
2576;29;32787;2
2576;26;32787;2
2576;32;32787;2
2578;92;32787;2
2578;93;32787;2
2578;18;32787;2
2578;18;32787;2
2578;95;32787;2
2576;19;32787;2
2581;16;21164;7
2580;16;21164;7
2580;28;21164;7
2580;28;21164;7
2581;25;21164;7
2581;84;21164;7
2580;18;21164;7
2580;18;21164;7
2580;92;21164;7
2581;412;21164;7
2584;49;135757;4
2590;411;135757;4
2584;329;135757;4
2584;51;135757;3
2590;50;135757;3
2584;49;135757;3
2584;11;135757;3
2584;64;135757;3
2584;65;135757;3
2590;44;135757;3
2590;69;135757;3
2590;40;135757;3
2586;16;135757;3
2586;29;135757;3
2584;38;135757;3
2592;329;135757;4
2593;50;135757;4
2593;49;135757;4
2592;59;135757;4
2592;42;135757;4
2594;51;135757;3
2593;50;135757;3
2594;49;135757;3
2593;11;135757;3
2593;64;135757;3
2594;65;135757;3
2594;44;135757;3
2594;69;135757;3
2592;40;135757;3
2592;16;135757;3
2600;50;135757;4
2602;42;135757;4
2600;49;135757;4
2600;50;135757;3
2600;49;135757;3
2600;11;135757;3
2600;51;135757;3
2602;65;135757;3
2602;44;135757;3
2602;69;135757;3
2602;40;135757;3
2602;16;135757;3
2606;69;135757;4
2608;49;135757;4
2610;51;135757;3
2608;50;135757;3
2610;49;135757;3
2608;11;135757;3
2608;64;135757;3
2610;65;135757;3
2608;44;135757;3
2606;69;135757;3
2610;341;135757;3
2605;40;135757;3
2618;16;135757;3
2610;31;245916;5
2610;18;245916;5
2619;450;245916;5
2605;16;135757;9
2606;18;135757;9
2606;18;135757;9
2619;16;135757;9
2605;16;135757;9
2605;19;135757;9
2605;26;135757;9
2618;28;135757;9
2618;28;135757;9
2605;29;135757;9
2606;93;135757;9
2606;93;135757;9
2605;54;135757;9
2605;75;135757;9
2605;75;135757;9
2606;35;135757;9
2619;35;135757;9
2620;16;32787;2
2620;16;32787;2
2604;16;32787;2
2620;16;32787;2
2620;16;32787;2
2604;16;32787;2
2620;16;32787;2
2620;16;32787;2
2604;41;32787;2
2604;32;32787;2
2620;92;32787;2
2613;50;32787;2
2604;93;32787;2
2604;18;32787;2
2604;18;32787;2
2604;18;32787;2
2620;18;32787;2
2605;238;135757;9
2611;16;21164;7
2611;16;21164;7
2611;18;21164;7
2611;93;21164;7
2611;41;21164;7
2611;41;21164;7
2622;49;135757;4
2622;329;135757;4
2624;35;135757;4
2624;411;135757;4
2624;18;135757;4
2622;51;135757;3
2622;50;135757;3
2625;49;135757;3
2622;11;135757;3
2625;60;135757;3
2625;64;135757;3
2625;65;135757;3
2625;67;135757;3
2624;68;135757;3
2624;40;135757;3
2624;16;135757;3
2629;18;245916;5
2629;24;245916;5
2629;24;245916;5
2629;106;245916;5
2632;25;135757;9
2632;25;135757;9
2629;18;135757;9
2633;18;135757;9
2633;16;135757;9
2633;16;135757;9
2630;19;135757;9
2632;19;135757;9
2630;26;135757;9
2630;27;135757;9
2630;21;135757;9
2630;21;135757;9
2632;28;135757;9
2633;29;135757;9
2633;29;135757;9
2630;93;135757;9
2632;93;135757;9
2624;52;135757;9
2630;16;135757;9
2624;54;135757;9
2629;35;135757;9
2630;378;135757;9
2630;109;135757;9
2636;16;32787;2
2635;16;32787;2
2635;16;32787;2
2635;16;32787;2
2635;16;32787;2
2635;16;32787;2
2635;16;32787;2
2635;41;32787;2
2635;26;32787;2
2635;32;32787;2
2638;50;32787;2
2635;93;32787;2
2635;94;32787;2
2636;18;32787;2
2635;95;32787;2
2635;52;32787;2
2634;16;21164;7
2634;16;21164;7
2634;56;21164;7
2634;28;21164;7
2634;25;21164;7
2634;18;21164;7
2634;412;21164;7
2651;49;135757;4
2645;411;135757;4
2643;35;135757;4
2643;18;135757;4
2644;51;135757;3
2644;50;135757;3
2651;49;135757;3
2651;11;135757;3
2644;60;135757;3
2644;64;135757;3
2649;65;135757;3
2645;93;135757;3
2651;67;135757;3
2644;68;135757;3
2645;40;135757;3
2645;16;135757;3
2649;81;245916;5
2649;18;245916;5
2649;24;245916;5
2641;810;245916;5
2649;106;245916;5
2642;25;135757;9
2643;18;135757;9
2643;18;135757;9
2639;16;135757;9
2640;16;135757;9
2640;16;135757;9
2640;19;135757;9
2640;26;135757;9
2642;27;135757;9
2642;21;135757;9
2642;21;135757;9
2640;28;135757;9
2640;29;135757;9
2640;29;135757;9
2645;93;135757;9
2642;86;135757;9
2642;54;135757;9
2642;109;135757;9
2652;50;135757;4
2660;59;135757;4
2654;42;135757;4
2654;35;135757;4
2652;51;135757;3
2652;50;135757;3
2652;49;135757;3
2660;11;135757;3
2660;60;135757;3
2663;64;135757;3
2660;65;135757;3
2654;93;135757;3
2660;67;135757;3
2660;68;135757;3
2654;40;135757;3
2663;16;135757;3
2665;18;245916;5
2663;24;245916;5
2663;810;245916;5
2663;106;245916;5
2653;25;135757;9
2653;25;135757;9
2654;18;135757;9
2665;18;135757;9
2664;16;135757;9
2654;16;135757;9
2661;19;135757;9
2661;19;135757;9
2653;26;135757;9
2653;27;135757;9
2661;27;135757;9
2654;21;135757;9
2653;28;135757;9
2653;29;135757;9
2653;29;135757;9
2654;93;135757;9
2654;93;135757;9
2660;86;135757;9
2660;86;135757;9
2654;54;135757;9
2664;35;135757;9
2672;56;14442;302
2672;637;14448;426
2672;277;14446;273
2672;56;14448;426
2677;56;14448;426
2677;56;14448;426
2678;423;14446;426
2681;56;14442;379
2679;56;14448;487
2680;277;14447;285
2677;49;14448;426
2701;423;14445;269
2682;423;14445;269
2682;423;14445;269
2704;277;14447;510
2705;14463;14439;505
2713;14562;14439;619
2717;14514;14439;545
2718;637;14442;269
2719;14550;14439;619
2722;14514;14439;545
2724;637;14439;269
2725;14498;14439;510
2748;14538;14439;545
2750;14538;14439;545
2755;14469;14439;619
2758;637;14439;273
2761;14499;14446;269
2762;637;14439;273